task_id,claim_text,sha256
"T01_CAUSAL_MEDIATION","A factory introduced a new inspection step. Defect rates fell from 8% to 5%, while average operator training hours also increased. Determine which additional observation would most directly distinguish whether the inspection step caused the improvement, rather than the training increase.",bad62b7f17319ed36f284ddb90e384a4420a80e1248fe32dcda8a6ab6260b15b
"T02_COUNTERFACTUAL_CACHE","Two software services show the same latency today. Service A used a warmed cache for the last 20 minutes; Service B did not. State the counterfactual question that would isolate the cache effect, and identify the outcome that must remain comparable.",ef613a3d1309778f619e43151de18f6e8b50945456b0097e842c3be6ea2f166e
"T03_BOUNDARY_CONDITION","A rule says: every admitted case with at least three corroborating observations is accepted. Find a concrete boundary condition under which that rule can fail even though the three observations are individually accurate.",1b80b1f4ab18df527b08b5e57c8ddfa6046a77db8ee400773bda1ee6e1ed6cca
"T04_ASSUMPTION_HUNT","A team concludes that a model is robust because accuracy stays above 90% after five perturbation tests. Identify one hidden assumption required for that conclusion and explain what measurement would test it.",18833358d441db1d06c004dbbe3185c46628da327470e93e9ca4b06983e9782d
"T05_ANOMALY_DETECTION","A sensor normally reports values between 40 and 60 units. It suddenly reports 41, 42, 58, 59, 60, 41, 42, then 93 once. Decide whether the isolated 93 should be treated as an anomaly using only the stated evidence; distinguish detection from diagnosis.",849695a891e4653b901f34cb2635f7d956091bbb09a53a0c98fce3df42a77870
"T06_EVIDENCE_SUFFICIENCY","A study reports that a treatment improved recovery from 50% to 54% in one uncontrolled cohort of 100 participants. What claim is justified by these data alone, and what stronger claim would require additional evidence?",d2e1922c0dc37b30c6ac062b77b241c4e06e7e70a10a86e5d866566d5794511a
"T07_MECHANISM_DISCRIMINATION","A population becomes more consistent after a policy change. Mechanism M1 predicts faster convergence with lower diversity; mechanism M2 predicts unchanged diversity with improved coordination. Which single measurement would most efficiently discriminate between the two mechanisms?",b11b0b0ed6cac26b4521951a6d507c2f367cd71c8abe3b3f7778c868f2e908e8
"T08_COMPETING_EXPLANATIONS","An automated reviewer rejects 18% of submissions this month instead of 11% last month. Give two non-equivalent explanations that fit the observation and one observation that would distinguish them.",a71a90c0bc04dc02cfc6d94c8d2c678d50445a97cd82568ed0c56c50ba4e2fa3
"T09_UNCERTAINTY_CALIBRATION","A classifier assigns confidence 0.80 to 200 predictions, of which 150 are correct. Is the 0.80 score calibrated for this subgroup? State the empirical calibration test and distinguish calibration from accuracy.",813bd6903f087c1e00b59b42993c03746a8925eb06a229c403b3ed258778d26e
"T10_ADVERSARIAL_CLAIM","Claim: 'Because every successful run used the same initialization protocol, the protocol is proven necessary.' Identify the logical gap and construct the smallest counterexample that would defeat the claim.",84d625f92c607c3d4550c5511b2cc1adc69113a3f581bbace869adb1794e48a9
"T11_NOVELTY_HYPOTHESIS","Propose a testable hypothesis about why two equally accurate reasoning strategies might differ in recovery after failure. Specify one measurable prediction that could falsify your hypothesis.",5d17b3dbdce2fd84ca528c8404dbfc56d79f8499aeadef0157d7a7ca8f252c90
"T12_MULTI_STEP_INFERENCE","Three interventions are observed: A increases throughput by 10%, B increases throughput by 8%, and A+B increases throughput by 9%. Determine what can and cannot be inferred about interaction between A and B without assuming additivity. Give the minimal additional comparison needed.",3a4713b84df998ca043aa4204d15d73e34489d9643393787d644febd87b007ce
