seed,fold,specialty,mode,empirical_probability,baseline_probability,outcome,empirical_brier,baseline_brier
42,0,SHASE,DIFFUSION,0.5,0.22402597402597402,1,0.25,0.6021356889863384
42,0,MEMORY_ANALYST,DIFFUSION,0.40625,0.22402597402597402,1,0.3525390625,0.6021356889863384
42,0,RED_TEAM,DIFFUSION,0.15384615384615385,0.22402597402597402,0,0.02366863905325444,0.05018763703828639
42,0,COUNTERFACTUAL,DIFFUSION,0.22857142857142856,0.22402597402597402,0,0.05224489795918367,0.05018763703828639
42,0,ANOMALY_HUNTER,DIFFUSION,0.23529411764705882,0.22402597402597402,0,0.05536332179930796,0.05018763703828639
42,0,UNCERTAINTY_CARTOGRAPHER,DIFFUSION,0.5,0.22402597402597402,1,0.25,0.6021356889863384
42,0,DECEPTION_ANALYST,DIFFUSION,0.391304347826087,0.22402597402597402,1,0.37051039697542537,0.6021356889863384
42,0,UNCERTAINTY_CARTOGRAPHER,AR,0.3170731707317073,0.22402597402597402,1,0.4663890541344437,0.6021356889863384
42,0,SHASE,DIFFUSION,0.5,0.22402597402597402,1,0.25,0.6021356889863384
42,0,DECEPTION_ANALYST,AR,0.28125,0.22402597402597402,1,0.5166015625,0.6021356889863384
42,0,MEMORY_ANALYST,AR,0.34375,0.22402597402597402,1,0.4306640625,0.6021356889863384
42,0,EVIDENCE_FORENSICS,DIFFUSION,0.25,0.22402597402597402,1,0.5625,0.6021356889863384
42,0,NOVELTY_FORGE,AR,0.18518518518518517,0.22402597402597402,0,0.034293552812071325,0.05018763703828639
42,0,UNCERTAINTY_CARTOGRAPHER,DIFFUSION,0.5,0.22402597402597402,1,0.25,0.6021356889863384
42,0,SHASE,DIFFUSION,0.5,0.22402597402597402,0,0.25,0.05018763703828639
42,0,DECEPTION_ANALYST,DIFFUSION,0.391304347826087,0.22402597402597402,0,0.15311909262759926,0.05018763703828639
42,0,MEMORY_ANALYST,AR,0.34375,0.22402597402597402,0,0.1181640625,0.05018763703828639
42,0,CAUSALITY,DIFFUSION,0.25,0.22402597402597402,0,0.0625,0.05018763703828639
42,0,EVIDENCE_FORENSICS,DIFFUSION,0.25,0.22402597402597402,0,0.0625,0.05018763703828639
42,0,BOUNDARY_HUNTER,DIFFUSION,0.32142857142857145,0.22402597402597402,1,0.46045918367346944,0.6021356889863384
42,0,MODEL_KILLER,AR,0.20833333333333334,0.22402597402597402,0,0.04340277777777778,0.05018763703828639
42,0,PARADIGM_BREAKER,AR,0.15789473684210525,0.22402597402597402,0,0.02493074792243767,0.05018763703828639
42,0,UNCERTAINTY_CARTOGRAPHER,DIFFUSION,0.5,0.22402597402597402,0,0.25,0.05018763703828639
42,0,SHASE,AR,0.3783783783783784,0.22402597402597402,1,0.3864134404674945,0.6021356889863384
42,0,MEMORY_ANALYST,AR,0.34375,0.22402597402597402,0,0.1181640625,0.05018763703828639
42,0,META_ARCHITECT,AR,0.5,0.22402597402597402,0,0.25,0.05018763703828639
42,0,ASSUMPTION_HUNTER,DIFFUSION,0.23076923076923078,0.22402597402597402,0,0.053254437869822494,0.05018763703828639
42,0,SYNTHESIZER,AR,0.25,0.22402597402597402,0,0.0625,0.05018763703828639
42,0,BLIND_SPOT_HUNTER,DIFFUSION,0.10526315789473684,0.22402597402597402,0,0.011080332409972297,0.05018763703828639
42,0,EVIDENCE_FORENSICS,AR,0.1875,0.22402597402597402,0,0.03515625,0.05018763703828639
42,0,ANOMALY_HUNTER,AR,0.07142857142857142,0.22402597402597402,0,0.00510204081632653,0.05018763703828639
42,0,NOVELTY_FORGE,AR,0.18518518518518517,0.22402597402597402,0,0.034293552812071325,0.05018763703828639
42,0,PARADIGM_BREAKER,DIFFUSION,0.3,0.22402597402597402,0,0.09,0.05018763703828639
42,0,SHASE,DIFFUSION,0.5,0.22402597402597402,0,0.25,0.05018763703828639
42,0,META_ARCHITECT,AR,0.5,0.22402597402597402,0,0.25,0.05018763703828639
42,0,MODEL_KILLER,DIFFUSION,0.3076923076923077,0.22402597402597402,0,0.09467455621301776,0.05018763703828639
42,0,BOUNDARY_HUNTER,DIFFUSION,0.32142857142857145,0.22402597402597402,0,0.10331632653061226,0.05018763703828639
42,0,ANOMALY_HUNTER,AR,0.07142857142857142,0.22402597402597402,0,0.00510204081632653,0.05018763703828639
42,0,UNCERTAINTY_CARTOGRAPHER,DIFFUSION,0.5,0.22402597402597402,0,0.25,0.05018763703828639
42,0,COUNTERFACTUAL,DIFFUSION,0.22857142857142856,0.22402597402597402,1,0.5951020408163266,0.6021356889863384
42,0,ASSUMPTION_HUNTER,AR,0.17647058823529413,0.22402597402597402,0,0.031141868512110732,0.05018763703828639
42,0,DECEPTION_ANALYST,DIFFUSION,0.391304347826087,0.22402597402597402,0,0.15311909262759926,0.05018763703828639
42,0,SYNTHESIZER,AR,0.25,0.22402597402597402,0,0.0625,0.05018763703828639
42,0,MEMORY_ANALYST,AR,0.34375,0.22402597402597402,0,0.1181640625,0.05018763703828639
42,0,SHASE,AR,0.3783783783783784,0.22402597402597402,0,0.14317019722425128,0.05018763703828639
42,0,META_ARCHITECT,DIFFUSION,0.5,0.22402597402597402,0,0.25,0.05018763703828639
42,0,MODEL_KILLER,DIFFUSION,0.3076923076923077,0.22402597402597402,0,0.09467455621301776,0.05018763703828639
42,0,COUNTERFACTUAL,AR,0.20689655172413793,0.22402597402597402,0,0.04280618311533888,0.05018763703828639
42,0,BOUNDARY_HUNTER,DIFFUSION,0.32142857142857145,0.22402597402597402,0,0.10331632653061226,0.05018763703828639
42,0,ANOMALY_HUNTER,AR,0.07142857142857142,0.22402597402597402,0,0.00510204081632653,0.05018763703828639
42,0,CAUSALITY,AR,0.21428571428571427,0.22402597402597402,0,0.04591836734693877,0.05018763703828639
42,0,UNCERTAINTY_CARTOGRAPHER,AR,0.3170731707317073,0.22402597402597402,0,0.10053539559785842,0.05018763703828639
42,0,ASSUMPTION_HUNTER,DIFFUSION,0.23076923076923078,0.22402597402597402,0,0.053254437869822494,0.05018763703828639
42,0,DECEPTION_ANALYST,AR,0.28125,0.22402597402597402,0,0.0791015625,0.05018763703828639
42,0,BLIND_SPOT_HUNTER,DIFFUSION,0.10526315789473684,0.22402597402597402,0,0.011080332409972297,0.05018763703828639
42,0,SYNTHESIZER,AR,0.25,0.22402597402597402,0,0.0625,0.05018763703828639
42,0,META_ARCHITECT,DIFFUSION,0.5,0.22402597402597402,0,0.25,0.05018763703828639
42,0,COUNTERFACTUAL,DIFFUSION,0.22857142857142856,0.22402597402597402,0,0.05224489795918367,0.05018763703828639
42,0,BOUNDARY_HUNTER,DIFFUSION,0.32142857142857145,0.22402597402597402,0,0.10331632653061226,0.05018763703828639
42,0,UNCERTAINTY_CARTOGRAPHER,AR,0.3170731707317073,0.22402597402597402,1,0.4663890541344437,0.6021356889863384
42,0,DECEPTION_ANALYST,DIFFUSION,0.391304347826087,0.22402597402597402,0,0.15311909262759926,0.05018763703828639
42,0,MEMORY_ANALYST,AR,0.34375,0.22402597402597402,1,0.4306640625,0.6021356889863384
42,0,NOVELTY_FORGE,AR,0.18518518518518517,0.22402597402597402,1,0.6639231824417011,0.6021356889863384
42,0,BLIND_SPOT_HUNTER,AR,0.2,0.22402597402597402,0,0.04000000000000001,0.05018763703828639
42,0,META_ARCHITECT,AR,0.5,0.22402597402597402,0,0.25,0.05018763703828639
42,0,ANOMALY_HUNTER,AR,0.07142857142857142,0.22402597402597402,0,0.00510204081632653,0.05018763703828639
42,0,UNCERTAINTY_CARTOGRAPHER,AR,0.3170731707317073,0.22402597402597402,0,0.10053539559785842,0.05018763703828639
42,0,COUNTERFACTUAL,DIFFUSION,0.22857142857142856,0.22402597402597402,0,0.05224489795918367,0.05018763703828639
42,0,CAUSALITY,AR,0.21428571428571427,0.22402597402597402,0,0.04591836734693877,0.05018763703828639
42,0,MEMORY_ANALYST,AR,0.34375,0.22402597402597402,0,0.1181640625,0.05018763703828639
42,0,NOVELTY_FORGE,AR,0.18518518518518517,0.22402597402597402,0,0.034293552812071325,0.05018763703828639
42,0,EVIDENCE_FORENSICS,DIFFUSION,0.25,0.22402597402597402,0,0.0625,0.05018763703828639
42,0,BOUNDARY_HUNTER,AR,0.28,0.22402597402597402,0,0.07840000000000001,0.05018763703828639
42,0,PARADIGM_BREAKER,AR,0.15789473684210525,0.22402597402597402,0,0.02493074792243767,0.05018763703828639
42,0,SYNTHESIZER,AR,0.25,0.22402597402597402,0,0.0625,0.05018763703828639
42,0,DECEPTION_ANALYST,DIFFUSION,0.391304347826087,0.22402597402597402,0,0.15311909262759926,0.05018763703828639
313,0,SHASE,AR,0.3783783783783784,0.22402597402597402,1,0.3864134404674945,0.6021356889863384
313,0,MEMORY_ANALYST,AR,0.34375,0.22402597402597402,1,0.4306640625,0.6021356889863384
313,0,RED_TEAM,AR,0.1,0.22402597402597402,0,0.010000000000000002,0.05018763703828639
313,0,COUNTERFACTUAL,DIFFUSION,0.22857142857142856,0.22402597402597402,1,0.5951020408163266,0.6021356889863384
313,0,ANOMALY_HUNTER,DIFFUSION,0.23529411764705882,0.22402597402597402,0,0.05536332179930796,0.05018763703828639
313,0,UNCERTAINTY_CARTOGRAPHER,DIFFUSION,0.5,0.22402597402597402,1,0.25,0.6021356889863384
313,0,UNCERTAINTY_CARTOGRAPHER,AR,0.3170731707317073,0.22402597402597402,1,0.4663890541344437,0.6021356889863384
313,0,SHASE,AR,0.3783783783783784,0.22402597402597402,1,0.3864134404674945,0.6021356889863384
313,0,COUNTERFACTUAL,DIFFUSION,0.22857142857142856,0.22402597402597402,1,0.5951020408163266,0.6021356889863384
313,0,MEMORY_ANALYST,AR,0.34375,0.22402597402597402,0,0.1181640625,0.05018763703828639
313,0,NOVELTY_FORGE,DIFFUSION,0.30434782608695654,0.22402597402597402,1,0.48393194706994325,0.6021356889863384
313,0,DECEPTION_ANALYST,DIFFUSION,0.391304347826087,0.22402597402597402,0,0.15311909262759926,0.05018763703828639
313,0,CAUSALITY,DIFFUSION,0.25,0.22402597402597402,0,0.0625,0.05018763703828639
313,0,UNCERTAINTY_CARTOGRAPHER,DIFFUSION,0.5,0.22402597402597402,0,0.25,0.05018763703828639
313,0,SHASE,DIFFUSION,0.5,0.22402597402597402,1,0.25,0.6021356889863384
313,0,COUNTERFACTUAL,AR,0.20689655172413793,0.22402597402597402,1,0.6290130796670631,0.6021356889863384
313,0,NOVELTY_FORGE,AR,0.18518518518518517,0.22402597402597402,0,0.034293552812071325,0.05018763703828639
313,0,EVIDENCE_FORENSICS,DIFFUSION,0.25,0.22402597402597402,0,0.0625,0.05018763703828639
313,0,BLIND_SPOT_HUNTER,AR,0.2,0.22402597402597402,0,0.04000000000000001,0.05018763703828639
313,0,ASSUMPTION_HUNTER,AR,0.17647058823529413,0.22402597402597402,0,0.031141868512110732,0.05018763703828639
313,0,SYNTHESIZER,DIFFUSION,0.16,0.22402597402597402,0,0.0256,0.05018763703828639
313,0,MEMORY_ANALYST,AR,0.34375,0.22402597402597402,0,0.1181640625,0.05018763703828639
313,0,COUNTERFACTUAL,AR,0.20689655172413793,0.22402597402597402,0,0.04280618311533888,0.05018763703828639
313,0,CAUSALITY,AR,0.21428571428571427,0.22402597402597402,0,0.04591836734693877,0.05018763703828639
313,0,BOUNDARY_HUNTER,AR,0.28,0.22402597402597402,0,0.07840000000000001,0.05018763703828639
313,0,NOVELTY_FORGE,AR,0.18518518518518517,0.22402597402597402,0,0.034293552812071325,0.05018763703828639
313,0,ANOMALY_HUNTER,AR,0.07142857142857142,0.22402597402597402,0,0.00510204081632653,0.05018763703828639
313,0,BLIND_SPOT_HUNTER,DIFFUSION,0.10526315789473684,0.22402597402597402,1,0.8005540166204986,0.6021356889863384
313,0,SYNTHESIZER,DIFFUSION,0.16,0.22402597402597402,0,0.0256,0.05018763703828639
313,0,MEMORY_ANALYST,AR,0.34375,0.22402597402597402,0,0.1181640625,0.05018763703828639
313,0,SYNTHESIZER,AR,0.25,0.22402597402597402,1,0.5625,0.6021356889863384
313,0,MEMORY_ANALYST,AR,0.34375,0.22402597402597402,0,0.1181640625,0.05018763703828639
313,0,BLIND_SPOT_HUNTER,AR,0.2,0.22402597402597402,0,0.04000000000000001,0.05018763703828639
313,0,SHASE,DIFFUSION,0.5,0.22402597402597402,0,0.25,0.05018763703828639
313,0,COUNTERFACTUAL,DIFFUSION,0.22857142857142856,0.22402597402597402,0,0.05224489795918367,0.05018763703828639
313,0,SYNTHESIZER,DIFFUSION,0.16,0.22402597402597402,0,0.0256,0.05018763703828639
313,0,UNCERTAINTY_CARTOGRAPHER,AR,0.3170731707317073,0.22402597402597402,0,0.10053539559785842,0.05018763703828639
313,0,MODEL_KILLER,AR,0.20833333333333334,0.22402597402597402,0,0.04340277777777778,0.05018763703828639
313,0,CAUSALITY,AR,0.21428571428571427,0.22402597402597402,0,0.04591836734693877,0.05018763703828639
313,0,EVIDENCE_FORENSICS,AR,0.1875,0.22402597402597402,1,0.66015625,0.6021356889863384
313,0,ASSUMPTION_HUNTER,DIFFUSION,0.23076923076923078,0.22402597402597402,0,0.053254437869822494,0.05018763703828639
313,0,NOVELTY_FORGE,AR,0.18518518518518517,0.22402597402597402,0,0.034293552812071325,0.05018763703828639
313,0,PARADIGM_BREAKER,AR,0.15789473684210525,0.22402597402597402,0,0.02493074792243767,0.05018763703828639
313,0,MEMORY_ANALYST,AR,0.34375,0.22402597402597402,0,0.1181640625,0.05018763703828639
313,0,BLIND_SPOT_HUNTER,DIFFUSION,0.10526315789473684,0.22402597402597402,0,0.011080332409972297,0.05018763703828639
313,0,SYNTHESIZER,AR,0.25,0.22402597402597402,1,0.5625,0.6021356889863384
313,0,SHASE,DIFFUSION,0.5,0.22402597402597402,0,0.25,0.05018763703828639
313,0,COUNTERFACTUAL,AR,0.20689655172413793,0.22402597402597402,0,0.04280618311533888,0.05018763703828639
313,0,EVIDENCE_FORENSICS,DIFFUSION,0.25,0.22402597402597402,0,0.0625,0.05018763703828639
313,0,UNCERTAINTY_CARTOGRAPHER,AR,0.3170731707317073,0.22402597402597402,0,0.10053539559785842,0.05018763703828639
313,0,CAUSALITY,DIFFUSION,0.25,0.22402597402597402,0,0.0625,0.05018763703828639
313,0,ASSUMPTION_HUNTER,AR,0.17647058823529413,0.22402597402597402,0,0.031141868512110732,0.05018763703828639
313,0,RED_TEAM,DIFFUSION,0.15384615384615385,0.22402597402597402,0,0.02366863905325444,0.05018763703828639
313,0,DECEPTION_ANALYST,DIFFUSION,0.391304347826087,0.22402597402597402,0,0.15311909262759926,0.05018763703828639
313,0,BOUNDARY_HUNTER,AR,0.28,0.22402597402597402,0,0.07840000000000001,0.05018763703828639
313,0,ASSUMPTION_HUNTER,DIFFUSION,0.23076923076923078,0.22402597402597402,0,0.053254437869822494,0.05018763703828639
313,0,MODEL_KILLER,DIFFUSION,0.3076923076923077,0.22402597402597402,0,0.09467455621301776,0.05018763703828639
313,0,SHASE,DIFFUSION,0.5,0.22402597402597402,0,0.25,0.05018763703828639
313,0,COUNTERFACTUAL,DIFFUSION,0.22857142857142856,0.22402597402597402,0,0.05224489795918367,0.05018763703828639
313,0,UNCERTAINTY_CARTOGRAPHER,DIFFUSION,0.5,0.22402597402597402,0,0.25,0.05018763703828639
313,0,ANOMALY_HUNTER,DIFFUSION,0.23529411764705882,0.22402597402597402,1,0.5847750865051903,0.6021356889863384
313,0,SYNTHESIZER,AR,0.25,0.22402597402597402,0,0.0625,0.05018763703828639
313,0,ASSUMPTION_HUNTER,DIFFUSION,0.23076923076923078,0.22402597402597402,0,0.053254437869822494,0.05018763703828639
313,0,CAUSALITY,AR,0.21428571428571427,0.22402597402597402,0,0.04591836734693877,0.05018763703828639
313,0,NOVELTY_FORGE,DIFFUSION,0.30434782608695654,0.22402597402597402,0,0.09262759924385634,0.05018763703828639
313,0,MEMORY_ANALYST,AR,0.34375,0.22402597402597402,0,0.1181640625,0.05018763703828639
313,0,RED_TEAM,AR,0.1,0.22402597402597402,0,0.010000000000000002,0.05018763703828639
313,0,SYNTHESIZER,AR,0.25,0.22402597402597402,0,0.0625,0.05018763703828639
313,0,ASSUMPTION_HUNTER,DIFFUSION,0.23076923076923078,0.22402597402597402,0,0.053254437869822494,0.05018763703828639
313,0,EVIDENCE_FORENSICS,AR,0.1875,0.22402597402597402,0,0.03515625,0.05018763703828639
313,0,ANOMALY_HUNTER,AR,0.07142857142857142,0.22402597402597402,0,0.00510204081632653,0.05018763703828639
313,0,MODEL_KILLER,AR,0.20833333333333334,0.22402597402597402,0,0.04340277777777778,0.05018763703828639
313,0,SHASE,DIFFUSION,0.5,0.22402597402597402,0,0.25,0.05018763703828639
313,0,COUNTERFACTUAL,DIFFUSION,0.22857142857142856,0.22402597402597402,0,0.05224489795918367,0.05018763703828639
313,0,BOUNDARY_HUNTER,AR,0.28,0.22402597402597402,0,0.07840000000000001,0.05018763703828639
313,0,UNCERTAINTY_CARTOGRAPHER,AR,0.3170731707317073,0.22402597402597402,0,0.10053539559785842,0.05018763703828639
313,0,SYNTHESIZER,DIFFUSION,0.16,0.22402597402597402,0,0.0256,0.05018763703828639
313,0,ASSUMPTION_HUNTER,DIFFUSION,0.23076923076923078,0.22402597402597402,0,0.053254437869822494,0.05018763703828639
313,0,CAUSALITY,DIFFUSION,0.25,0.22402597402597402,0,0.0625,0.05018763703828639
77,1,SHASE,AR,0.45161290322580644,0.21900161030595813,1,0.3007284079084287,0.6099584847046865
77,1,MEMORY_ANALYST,DIFFUSION,0.4074074074074074,0.21900161030595813,1,0.3511659807956104,0.6099584847046865
77,1,COUNTERFACTUAL,DIFFUSION,0.2857142857142857,0.21900161030595813,0,0.08163265306122448,0.047961705316602744
77,1,ANOMALY_HUNTER,AR,0.07407407407407407,0.21900161030595813,0,0.0054869684499314125,0.047961705316602744
77,1,UNCERTAINTY_CARTOGRAPHER,AR,0.3409090909090909,0.21900161030595813,1,0.4344008264462811,0.6099584847046865
77,1,DECEPTION_ANALYST,DIFFUSION,0.3076923076923077,0.21900161030595813,1,0.4792899408284023,0.6099584847046865
77,1,MODEL_KILLER,DIFFUSION,0.2857142857142857,0.21900161030595813,0,0.08163265306122448,0.047961705316602744
77,1,UNCERTAINTY_CARTOGRAPHER,DIFFUSION,0.5,0.21900161030595813,1,0.25,0.6099584847046865
77,1,SHASE,AR,0.45161290322580644,0.21900161030595813,1,0.3007284079084287,0.6099584847046865
77,1,NOVELTY_FORGE,AR,0.13793103448275862,0.21900161030595813,1,0.7431629013079666,0.6099584847046865
77,1,BOUNDARY_HUNTER,DIFFUSION,0.3333333333333333,0.21900161030595813,1,0.44444444444444453,0.6099584847046865
77,1,CAUSALITY,DIFFUSION,0.21428571428571427,0.21900161030595813,0,0.04591836734693877,0.047961705316602744
77,1,ASSUMPTION_HUNTER,AR,0.17647058823529413,0.21900161030595813,0,0.031141868512110732,0.047961705316602744
77,1,UNCERTAINTY_CARTOGRAPHER,AR,0.3409090909090909,0.21900161030595813,0,0.1162190082644628,0.047961705316602744
77,1,SHASE,AR,0.45161290322580644,0.21900161030595813,0,0.2039542143600416,0.047961705316602744
77,1,NOVELTY_FORGE,DIFFUSION,0.42105263157894735,0.21900161030595813,0,0.17728531855955676,0.047961705316602744
77,1,BOUNDARY_HUNTER,AR,0.21739130434782608,0.21900161030595813,1,0.612476370510397,0.6099584847046865
77,1,DECEPTION_ANALYST,AR,0.3076923076923077,0.21900161030595813,0,0.09467455621301776,0.047961705316602744
77,1,MEMORY_ANALYST,DIFFUSION,0.4074074074074074,0.21900161030595813,1,0.3511659807956104,0.6099584847046865
77,1,SYNTHESIZER,DIFFUSION,0.12,0.21900161030595813,0,0.0144,0.047961705316602744
77,1,COUNTERFACTUAL,DIFFUSION,0.2857142857142857,0.21900161030595813,1,0.5102040816326531,0.6099584847046865
77,1,PARADIGM_BREAKER,AR,0.16666666666666666,0.21900161030595813,0,0.027777777777777776,0.047961705316602744
77,1,BOUNDARY_HUNTER,DIFFUSION,0.3333333333333333,0.21900161030595813,0,0.1111111111111111,0.047961705316602744
77,1,MEMORY_ANALYST,DIFFUSION,0.4074074074074074,0.21900161030595813,0,0.16598079561042522,0.047961705316602744
77,1,UNCERTAINTY_CARTOGRAPHER,AR,0.3409090909090909,0.21900161030595813,0,0.1162190082644628,0.047961705316602744
77,1,SHASE,DIFFUSION,0.4358974358974359,0.21900161030595813,1,0.31821170282708744,0.6099584847046865
77,1,ANOMALY_HUNTER,AR,0.07407407407407407,0.21900161030595813,0,0.0054869684499314125,0.047961705316602744
77,1,BLIND_SPOT_HUNTER,DIFFUSION,0.15,0.21900161030595813,0,0.0225,0.047961705316602744
77,1,RED_TEAM,AR,0.1111111111111111,0.21900161030595813,0,0.012345679012345678,0.047961705316602744
77,1,NOVELTY_FORGE,DIFFUSION,0.42105263157894735,0.21900161030595813,0,0.17728531855955676,0.047961705316602744
77,1,COUNTERFACTUAL,AR,0.24,0.21900161030595813,0,0.0576,0.047961705316602744
77,1,ANOMALY_HUNTER,AR,0.07407407407407407,0.21900161030595813,0,0.0054869684499314125,0.047961705316602744
77,1,PARADIGM_BREAKER,AR,0.16666666666666666,0.21900161030595813,0,0.027777777777777776,0.047961705316602744
77,1,ANOMALY_HUNTER,AR,0.07407407407407407,0.21900161030595813,0,0.0054869684499314125,0.047961705316602744
77,1,RED_TEAM,AR,0.1111111111111111,0.21900161030595813,0,0.012345679012345678,0.047961705316602744
77,1,COUNTERFACTUAL,DIFFUSION,0.2857142857142857,0.21900161030595813,0,0.08163265306122448,0.047961705316602744
77,1,BOUNDARY_HUNTER,AR,0.21739130434782608,0.21900161030595813,0,0.04725897920604915,0.047961705316602744
77,1,SHASE,AR,0.45161290322580644,0.21900161030595813,0,0.2039542143600416,0.047961705316602744
77,1,DECEPTION_ANALYST,AR,0.3076923076923077,0.21900161030595813,0,0.09467455621301776,0.047961705316602744
77,1,MEMORY_ANALYST,DIFFUSION,0.4074074074074074,0.21900161030595813,0,0.16598079561042522,0.047961705316602744
77,1,UNCERTAINTY_CARTOGRAPHER,DIFFUSION,0.5,0.21900161030595813,0,0.25,0.047961705316602744
77,1,BLIND_SPOT_HUNTER,DIFFUSION,0.15,0.21900161030595813,0,0.0225,0.047961705316602744
77,1,MODEL_KILLER,AR,0.20833333333333334,0.21900161030595813,0,0.04340277777777778,0.047961705316602744
77,1,SYNTHESIZER,DIFFUSION,0.12,0.21900161030595813,0,0.0144,0.047961705316602744
77,1,ANOMALY_HUNTER,AR,0.07407407407407407,0.21900161030595813,0,0.0054869684499314125,0.047961705316602744
77,1,COUNTERFACTUAL,DIFFUSION,0.2857142857142857,0.21900161030595813,0,0.08163265306122448,0.047961705316602744
77,1,BOUNDARY_HUNTER,DIFFUSION,0.3333333333333333,0.21900161030595813,0,0.1111111111111111,0.047961705316602744
77,1,SHASE,DIFFUSION,0.4358974358974359,0.21900161030595813,1,0.31821170282708744,0.6099584847046865
77,1,DECEPTION_ANALYST,AR,0.3076923076923077,0.21900161030595813,1,0.4792899408284023,0.6099584847046865
77,1,UNCERTAINTY_CARTOGRAPHER,DIFFUSION,0.5,0.21900161030595813,1,0.25,0.6099584847046865
77,1,BLIND_SPOT_HUNTER,AR,0.2222222222222222,0.21900161030595813,0,0.04938271604938271,0.047961705316602744
77,1,EVIDENCE_FORENSICS,DIFFUSION,0.2222222222222222,0.21900161030595813,0,0.04938271604938271,0.047961705316602744
77,1,MODEL_KILLER,DIFFUSION,0.2857142857142857,0.21900161030595813,0,0.08163265306122448,0.047961705316602744
77,1,COUNTERFACTUAL,AR,0.24,0.21900161030595813,0,0.0576,0.047961705316602744
77,1,RED_TEAM,AR,0.1111111111111111,0.21900161030595813,0,0.012345679012345678,0.047961705316602744
77,1,BOUNDARY_HUNTER,AR,0.21739130434782608,0.21900161030595813,0,0.04725897920604915,0.047961705316602744
77,1,SHASE,AR,0.45161290322580644,0.21900161030595813,0,0.2039542143600416,0.047961705316602744
77,1,DECEPTION_ANALYST,DIFFUSION,0.3076923076923077,0.21900161030595813,0,0.09467455621301776,0.047961705316602744
77,1,UNCERTAINTY_CARTOGRAPHER,DIFFUSION,0.5,0.21900161030595813,0,0.25,0.047961705316602744
77,1,MEMORY_ANALYST,AR,0.3157894736842105,0.21900161030595813,0,0.09972299168975068,0.047961705316602744
77,1,ANOMALY_HUNTER,DIFFUSION,0.25,0.21900161030595813,0,0.0625,0.047961705316602744
77,1,NOVELTY_FORGE,DIFFUSION,0.42105263157894735,0.21900161030595813,0,0.17728531855955676,0.047961705316602744
77,1,BLIND_SPOT_HUNTER,AR,0.2222222222222222,0.21900161030595813,0,0.04938271604938271,0.047961705316602744
77,1,CAUSALITY,DIFFUSION,0.21428571428571427,0.21900161030595813,0,0.04591836734693877,0.047961705316602744
77,1,ASSUMPTION_HUNTER,DIFFUSION,0.15789473684210525,0.21900161030595813,0,0.02493074792243767,0.047961705316602744
77,1,COUNTERFACTUAL,DIFFUSION,0.2857142857142857,0.21900161030595813,0,0.08163265306122448,0.047961705316602744
77,1,ANOMALY_HUNTER,DIFFUSION,0.25,0.21900161030595813,1,0.5625,0.6099584847046865
77,1,SHASE,AR,0.45161290322580644,0.21900161030595813,0,0.2039542143600416,0.047961705316602744
77,1,DECEPTION_ANALYST,AR,0.3076923076923077,0.21900161030595813,0,0.09467455621301776,0.047961705316602744
77,1,UNCERTAINTY_CARTOGRAPHER,AR,0.3409090909090909,0.21900161030595813,0,0.1162190082644628,0.047961705316602744
77,1,MEMORY_ANALYST,DIFFUSION,0.4074074074074074,0.21900161030595813,0,0.16598079561042522,0.047961705316602744
77,1,SYNTHESIZER,DIFFUSION,0.12,0.21900161030595813,1,0.7744,0.6099584847046865
77,1,ANOMALY_HUNTER,DIFFUSION,0.25,0.21900161030595813,0,0.0625,0.047961705316602744
77,1,NOVELTY_FORGE,DIFFUSION,0.42105263157894735,0.21900161030595813,0,0.17728531855955676,0.047961705316602744
77,1,BLIND_SPOT_HUNTER,AR,0.2222222222222222,0.21900161030595813,0,0.04938271604938271,0.047961705316602744
77,1,NOVELTY_FORGE,DIFFUSION,0.42105263157894735,0.21900161030595813,0,0.17728531855955676,0.047961705316602744
401,1,SHASE,DIFFUSION,0.4358974358974359,0.21900161030595813,1,0.31821170282708744,0.6099584847046865
401,1,MEMORY_ANALYST,AR,0.3157894736842105,0.21900161030595813,1,0.46814404432132967,0.6099584847046865
401,1,COUNTERFACTUAL,AR,0.24,0.21900161030595813,0,0.0576,0.047961705316602744
401,1,UNCERTAINTY_CARTOGRAPHER,DIFFUSION,0.5,0.21900161030595813,1,0.25,0.6099584847046865
401,1,DECEPTION_ANALYST,AR,0.3076923076923077,0.21900161030595813,1,0.4792899408284023,0.6099584847046865
401,1,MODEL_KILLER,AR,0.20833333333333334,0.21900161030595813,0,0.04340277777777778,0.047961705316602744
401,1,UNCERTAINTY_CARTOGRAPHER,DIFFUSION,0.5,0.21900161030595813,1,0.25,0.6099584847046865
401,1,SHASE,AR,0.45161290322580644,0.21900161030595813,1,0.3007284079084287,0.6099584847046865
401,1,MEMORY_ANALYST,DIFFUSION,0.4074074074074074,0.21900161030595813,1,0.3511659807956104,0.6099584847046865
401,1,NOVELTY_FORGE,AR,0.13793103448275862,0.21900161030595813,1,0.7431629013079666,0.6099584847046865
401,1,ANOMALY_HUNTER,AR,0.07407407407407407,0.21900161030595813,0,0.0054869684499314125,0.047961705316602744
401,1,EVIDENCE_FORENSICS,AR,0.23529411764705882,0.21900161030595813,0,0.05536332179930796,0.047961705316602744
401,1,UNCERTAINTY_CARTOGRAPHER,AR,0.3409090909090909,0.21900161030595813,0,0.1162190082644628,0.047961705316602744
401,1,SHASE,AR,0.45161290322580644,0.21900161030595813,0,0.2039542143600416,0.047961705316602744
401,1,MEMORY_ANALYST,AR,0.3157894736842105,0.21900161030595813,1,0.46814404432132967,0.6099584847046865
401,1,NOVELTY_FORGE,AR,0.13793103448275862,0.21900161030595813,0,0.019024970273483946,0.047961705316602744
401,1,DECEPTION_ANALYST,DIFFUSION,0.3076923076923077,0.21900161030595813,1,0.4792899408284023,0.6099584847046865
401,1,SYNTHESIZER,AR,0.24,0.21900161030595813,1,0.5776,0.6099584847046865
401,1,BLIND_SPOT_HUNTER,AR,0.2222222222222222,0.21900161030595813,0,0.04938271604938271,0.047961705316602744
401,1,BOUNDARY_HUNTER,DIFFUSION,0.3333333333333333,0.21900161030595813,0,0.1111111111111111,0.047961705316602744
401,1,MEMORY_ANALYST,AR,0.3157894736842105,0.21900161030595813,0,0.09972299168975068,0.047961705316602744
401,1,DECEPTION_ANALYST,AR,0.3076923076923077,0.21900161030595813,0,0.09467455621301776,0.047961705316602744
401,1,SYNTHESIZER,AR,0.24,0.21900161030595813,0,0.0576,0.047961705316602744
401,1,UNCERTAINTY_CARTOGRAPHER,DIFFUSION,0.5,0.21900161030595813,0,0.25,0.047961705316602744
401,1,SHASE,AR,0.45161290322580644,0.21900161030595813,0,0.2039542143600416,0.047961705316602744
401,1,COUNTERFACTUAL,AR,0.24,0.21900161030595813,0,0.0576,0.047961705316602744
401,1,PARADIGM_BREAKER,AR,0.16666666666666666,0.21900161030595813,0,0.027777777777777776,0.047961705316602744
401,1,RED_TEAM,DIFFUSION,0.16666666666666666,0.21900161030595813,0,0.027777777777777776,0.047961705316602744
401,1,ASSUMPTION_HUNTER,AR,0.17647058823529413,0.21900161030595813,0,0.031141868512110732,0.047961705316602744
401,1,COUNTERFACTUAL,DIFFUSION,0.2857142857142857,0.21900161030595813,0,0.08163265306122448,0.047961705316602744
401,1,BOUNDARY_HUNTER,AR,0.21739130434782608,0.21900161030595813,1,0.612476370510397,0.6099584847046865
401,1,COUNTERFACTUAL,DIFFUSION,0.2857142857142857,0.21900161030595813,0,0.08163265306122448,0.047961705316602744
401,1,SYNTHESIZER,AR,0.24,0.21900161030595813,0,0.0576,0.047961705316602744
401,1,DECEPTION_ANALYST,AR,0.3076923076923077,0.21900161030595813,0,0.09467455621301776,0.047961705316602744
401,1,MEMORY_ANALYST,AR,0.3157894736842105,0.21900161030595813,0,0.09972299168975068,0.047961705316602744
401,1,RED_TEAM,DIFFUSION,0.16666666666666666,0.21900161030595813,0,0.027777777777777776,0.047961705316602744
401,1,SHASE,DIFFUSION,0.4358974358974359,0.21900161030595813,1,0.31821170282708744,0.6099584847046865
401,1,COUNTERFACTUAL,AR,0.24,0.21900161030595813,0,0.0576,0.047961705316602744
401,1,PARADIGM_BREAKER,AR,0.16666666666666666,0.21900161030595813,0,0.027777777777777776,0.047961705316602744
401,1,NOVELTY_FORGE,AR,0.13793103448275862,0.21900161030595813,0,0.019024970273483946,0.047961705316602744
401,1,BOUNDARY_HUNTER,AR,0.21739130434782608,0.21900161030595813,0,0.04725897920604915,0.047961705316602744
401,1,UNCERTAINTY_CARTOGRAPHER,DIFFUSION,0.5,0.21900161030595813,0,0.25,0.047961705316602744
401,1,SYNTHESIZER,DIFFUSION,0.12,0.21900161030595813,0,0.0144,0.047961705316602744
401,1,COUNTERFACTUAL,AR,0.24,0.21900161030595813,0,0.0576,0.047961705316602744
401,1,DECEPTION_ANALYST,AR,0.3076923076923077,0.21900161030595813,0,0.09467455621301776,0.047961705316602744
401,1,SHASE,AR,0.45161290322580644,0.21900161030595813,0,0.2039542143600416,0.047961705316602744
401,1,COUNTERFACTUAL,AR,0.24,0.21900161030595813,0,0.0576,0.047961705316602744
401,1,MEMORY_ANALYST,AR,0.3157894736842105,0.21900161030595813,0,0.09972299168975068,0.047961705316602744
401,1,RED_TEAM,DIFFUSION,0.16666666666666666,0.21900161030595813,0,0.027777777777777776,0.047961705316602744
401,1,PARADIGM_BREAKER,DIFFUSION,0.2,0.21900161030595813,1,0.6400000000000001,0.6099584847046865
401,1,CAUSALITY,AR,0.17647058823529413,0.21900161030595813,0,0.031141868512110732,0.047961705316602744
401,1,ASSUMPTION_HUNTER,AR,0.17647058823529413,0.21900161030595813,0,0.031141868512110732,0.047961705316602744
401,1,ANOMALY_HUNTER,AR,0.07407407407407407,0.21900161030595813,0,0.0054869684499314125,0.047961705316602744
401,1,COUNTERFACTUAL,DIFFUSION,0.2857142857142857,0.21900161030595813,0,0.08163265306122448,0.047961705316602744
401,1,COUNTERFACTUAL,DIFFUSION,0.2857142857142857,0.21900161030595813,0,0.08163265306122448,0.047961705316602744
401,1,DECEPTION_ANALYST,DIFFUSION,0.3076923076923077,0.21900161030595813,0,0.09467455621301776,0.047961705316602744
401,1,SHASE,DIFFUSION,0.4358974358974359,0.21900161030595813,0,0.19000657462195925,0.047961705316602744
401,1,RED_TEAM,AR,0.1111111111111111,0.21900161030595813,0,0.012345679012345678,0.047961705316602744
401,1,MODEL_KILLER,AR,0.20833333333333334,0.21900161030595813,0,0.04340277777777778,0.047961705316602744
401,1,BLIND_SPOT_HUNTER,AR,0.2222222222222222,0.21900161030595813,0,0.04938271604938271,0.047961705316602744
401,1,NOVELTY_FORGE,DIFFUSION,0.42105263157894735,0.21900161030595813,0,0.17728531855955676,0.047961705316602744
401,1,BOUNDARY_HUNTER,DIFFUSION,0.3333333333333333,0.21900161030595813,0,0.1111111111111111,0.047961705316602744
401,1,EVIDENCE_FORENSICS,AR,0.23529411764705882,0.21900161030595813,0,0.05536332179930796,0.047961705316602744
401,1,CAUSALITY,AR,0.17647058823529413,0.21900161030595813,0,0.031141868512110732,0.047961705316602744
401,1,UNCERTAINTY_CARTOGRAPHER,DIFFUSION,0.5,0.21900161030595813,0,0.25,0.047961705316602744
401,1,COUNTERFACTUAL,AR,0.24,0.21900161030595813,1,0.5776,0.6099584847046865
401,1,MEMORY_ANALYST,AR,0.3157894736842105,0.21900161030595813,0,0.09972299168975068,0.047961705316602744
401,1,SHASE,DIFFUSION,0.4358974358974359,0.21900161030595813,0,0.19000657462195925,0.047961705316602744
401,1,BLIND_SPOT_HUNTER,DIFFUSION,0.15,0.21900161030595813,0,0.0225,0.047961705316602744
401,1,ANOMALY_HUNTER,DIFFUSION,0.25,0.21900161030595813,0,0.0625,0.047961705316602744
401,1,NOVELTY_FORGE,AR,0.13793103448275862,0.21900161030595813,0,0.019024970273483946,0.047961705316602744
401,1,BOUNDARY_HUNTER,AR,0.21739130434782608,0.21900161030595813,0,0.04725897920604915,0.047961705316602744
401,1,EVIDENCE_FORENSICS,DIFFUSION,0.2222222222222222,0.21900161030595813,1,0.6049382716049383,0.6099584847046865
401,1,EVIDENCE_FORENSICS,DIFFUSION,0.2222222222222222,0.21900161030595813,0,0.04938271604938271,0.047961705316602744
101,2,SHASE,AR,0.4375,0.215210355987055,1,0.31640625,0.6158947853499648
101,2,MEMORY_ANALYST,DIFFUSION,0.38461538461538464,0.215210355987055,1,0.37869822485207105,0.6158947853499648
101,2,COUNTERFACTUAL,DIFFUSION,0.2631578947368421,0.215210355987055,0,0.06925207756232686,0.046315497324074945
101,2,ANOMALY_HUNTER,AR,0.06666666666666667,0.215210355987055,0,0.0044444444444444444,0.046315497324074945
101,2,UNCERTAINTY_CARTOGRAPHER,DIFFUSION,0.4482758620689655,0.215210355987055,1,0.30439952437574314,0.6158947853499648
101,2,DECEPTION_ANALYST,DIFFUSION,0.3181818181818182,0.215210355987055,1,0.4648760330578513,0.6158947853499648
101,2,UNCERTAINTY_CARTOGRAPHER,AR,0.3611111111111111,0.215210355987055,1,0.40817901234567894,0.6158947853499648
101,2,SHASE,DIFFUSION,0.45714285714285713,0.215210355987055,1,0.2946938775510205,0.6158947853499648
101,2,MEMORY_ANALYST,AR,0.3076923076923077,0.215210355987055,1,0.4792899408284023,0.6158947853499648
101,2,NOVELTY_FORGE,AR,0.1935483870967742,0.215210355987055,0,0.037460978147762745,0.046315497324074945
101,2,BOUNDARY_HUNTER,AR,0.23809523809523808,0.215210355987055,1,0.5804988662131518,0.6158947853499648
101,2,MODEL_KILLER,AR,0.22727272727272727,0.215210355987055,0,0.051652892561983466,0.046315497324074945
101,2,SYNTHESIZER,AR,0.2608695652173913,0.215210355987055,0,0.06805293005671077,0.046315497324074945
101,2,UNCERTAINTY_CARTOGRAPHER,DIFFUSION,0.4482758620689655,0.215210355987055,1,0.30439952437574314,0.6158947853499648
101,2,SHASE,AR,0.4375,0.215210355987055,1,0.31640625,0.6158947853499648
101,2,MEMORY_ANALYST,AR,0.3076923076923077,0.215210355987055,0,0.09467455621301776,0.046315497324074945
101,2,BOUNDARY_HUNTER,DIFFUSION,0.32142857142857145,0.215210355987055,1,0.46045918367346944,0.6158947853499648
101,2,DECEPTION_ANALYST,DIFFUSION,0.3181818181818182,0.215210355987055,1,0.4648760330578513,0.6158947853499648
101,2,EVIDENCE_FORENSICS,AR,0.25,0.215210355987055,0,0.0625,0.046315497324074945
101,2,ASSUMPTION_HUNTER,DIFFUSION,0.17647058823529413,0.215210355987055,0,0.031141868512110732,0.046315497324074945
101,2,UNCERTAINTY_CARTOGRAPHER,AR,0.3611111111111111,0.215210355987055,0,0.13040123456790123,0.046315497324074945
101,2,BOUNDARY_HUNTER,AR,0.23809523809523808,0.215210355987055,0,0.056689342403628114,0.046315497324074945
101,2,DECEPTION_ANALYST,AR,0.2857142857142857,0.215210355987055,0,0.08163265306122448,0.046315497324074945
101,2,MEMORY_ANALYST,DIFFUSION,0.38461538461538464,0.215210355987055,1,0.37869822485207105,0.6158947853499648
101,2,SHASE,AR,0.4375,0.215210355987055,0,0.19140625,0.046315497324074945
101,2,CAUSALITY,DIFFUSION,0.23076923076923078,0.215210355987055,0,0.053254437869822494,0.046315497324074945
101,2,PARADIGM_BREAKER,AR,0.15789473684210525,0.215210355987055,0,0.02493074792243767,0.046315497324074945
101,2,BLIND_SPOT_HUNTER,DIFFUSION,0.16666666666666666,0.215210355987055,0,0.027777777777777776,0.046315497324074945
101,2,RED_TEAM,AR,0.1111111111111111,0.215210355987055,0,0.012345679012345678,0.046315497324074945
101,2,SYNTHESIZER,DIFFUSION,0.15384615384615385,0.215210355987055,0,0.02366863905325444,0.046315497324074945
101,2,ANOMALY_HUNTER,DIFFUSION,0.2777777777777778,0.215210355987055,0,0.0771604938271605,0.046315497324074945
101,2,MODEL_KILLER,AR,0.22727272727272727,0.215210355987055,0,0.051652892561983466,0.046315497324074945
101,2,BLIND_SPOT_HUNTER,AR,0.2,0.215210355987055,0,0.04000000000000001,0.046315497324074945
101,2,SHASE,AR,0.4375,0.215210355987055,0,0.19140625,0.046315497324074945
101,2,SHASE,AR,0.4375,0.215210355987055,0,0.19140625,0.046315497324074945
101,2,MODEL_KILLER,DIFFUSION,0.23076923076923078,0.215210355987055,1,0.5917159763313609,0.6158947853499648
101,2,BOUNDARY_HUNTER,AR,0.23809523809523808,0.215210355987055,0,0.056689342403628114,0.046315497324074945
101,2,UNCERTAINTY_CARTOGRAPHER,AR,0.3611111111111111,0.215210355987055,0,0.13040123456790123,0.046315497324074945
101,2,MEMORY_ANALYST,AR,0.3076923076923077,0.215210355987055,0,0.09467455621301776,0.046315497324074945
101,2,DECEPTION_ANALYST,AR,0.2857142857142857,0.215210355987055,0,0.08163265306122448,0.046315497324074945
101,2,CAUSALITY,DIFFUSION,0.23076923076923078,0.215210355987055,0,0.053254437869822494,0.046315497324074945
101,2,PARADIGM_BREAKER,DIFFUSION,0.3,0.215210355987055,0,0.09,0.046315497324074945
101,2,COUNTERFACTUAL,DIFFUSION,0.2631578947368421,0.215210355987055,1,0.5429362880886428,0.6158947853499648
101,2,MODEL_KILLER,DIFFUSION,0.23076923076923078,0.215210355987055,0,0.053254437869822494,0.046315497324074945
101,2,SHASE,DIFFUSION,0.45714285714285713,0.215210355987055,0,0.20897959183673467,0.046315497324074945
101,2,SHASE,AR,0.4375,0.215210355987055,0,0.19140625,0.046315497324074945
101,2,BOUNDARY_HUNTER,AR,0.23809523809523808,0.215210355987055,0,0.056689342403628114,0.046315497324074945
101,2,NOVELTY_FORGE,AR,0.1935483870967742,0.215210355987055,0,0.037460978147762745,0.046315497324074945
101,2,UNCERTAINTY_CARTOGRAPHER,AR,0.3611111111111111,0.215210355987055,0,0.13040123456790123,0.046315497324074945
101,2,MEMORY_ANALYST,DIFFUSION,0.38461538461538464,0.215210355987055,0,0.14792899408284024,0.046315497324074945
101,2,COUNTERFACTUAL,AR,0.2222222222222222,0.215210355987055,0,0.04938271604938271,0.046315497324074945
101,2,DECEPTION_ANALYST,AR,0.2857142857142857,0.215210355987055,0,0.08163265306122448,0.046315497324074945
101,2,EVIDENCE_FORENSICS,AR,0.25,0.215210355987055,0,0.0625,0.046315497324074945
101,2,ASSUMPTION_HUNTER,AR,0.14285714285714285,0.215210355987055,0,0.02040816326530612,0.046315497324074945
101,2,RED_TEAM,DIFFUSION,0.14285714285714285,0.215210355987055,0,0.02040816326530612,0.046315497324074945
101,2,MODEL_KILLER,AR,0.22727272727272727,0.215210355987055,0,0.051652892561983466,0.046315497324074945
101,2,SHASE,DIFFUSION,0.45714285714285713,0.215210355987055,1,0.2946938775510205,0.6158947853499648
101,2,SHASE,DIFFUSION,0.45714285714285713,0.215210355987055,1,0.2946938775510205,0.6158947853499648
101,2,BOUNDARY_HUNTER,AR,0.23809523809523808,0.215210355987055,0,0.056689342403628114,0.046315497324074945
101,2,NOVELTY_FORGE,DIFFUSION,0.3181818181818182,0.215210355987055,0,0.1012396694214876,0.046315497324074945
101,2,ANOMALY_HUNTER,AR,0.06666666666666667,0.215210355987055,0,0.0044444444444444444,0.046315497324074945
101,2,UNCERTAINTY_CARTOGRAPHER,AR,0.3611111111111111,0.215210355987055,1,0.40817901234567894,0.6158947853499648
101,2,DECEPTION_ANALYST,DIFFUSION,0.3181818181818182,0.215210355987055,0,0.1012396694214876,0.046315497324074945
101,2,MODEL_KILLER,AR,0.22727272727272727,0.215210355987055,0,0.051652892561983466,0.046315497324074945
101,2,SHASE,AR,0.4375,0.215210355987055,0,0.19140625,0.046315497324074945
101,2,SHASE,AR,0.4375,0.215210355987055,0,0.19140625,0.046315497324074945
101,2,BOUNDARY_HUNTER,DIFFUSION,0.32142857142857145,0.215210355987055,0,0.10331632653061226,0.046315497324074945
101,2,SYNTHESIZER,AR,0.2608695652173913,0.215210355987055,0,0.06805293005671077,0.046315497324074945
101,2,CAUSALITY,AR,0.125,0.215210355987055,0,0.015625,0.046315497324074945
101,2,PARADIGM_BREAKER,AR,0.15789473684210525,0.215210355987055,0,0.02493074792243767,0.046315497324074945
101,2,MEMORY_ANALYST,DIFFUSION,0.38461538461538464,0.215210355987055,0,0.14792899408284024,0.046315497324074945
101,2,COUNTERFACTUAL,AR,0.2222222222222222,0.215210355987055,0,0.04938271604938271,0.046315497324074945
101,2,ASSUMPTION_HUNTER,AR,0.14285714285714285,0.215210355987055,0,0.02040816326530612,0.046315497324074945
101,2,RED_TEAM,AR,0.1111111111111111,0.215210355987055,0,0.012345679012345678,0.046315497324074945
101,2,NOVELTY_FORGE,DIFFUSION,0.3181818181818182,0.215210355987055,1,0.4648760330578513,0.6158947853499648
509,2,SHASE,DIFFUSION,0.45714285714285713,0.215210355987055,1,0.2946938775510205,0.6158947853499648
509,2,MEMORY_ANALYST,DIFFUSION,0.38461538461538464,0.215210355987055,1,0.37869822485207105,0.6158947853499648
509,2,COUNTERFACTUAL,AR,0.2222222222222222,0.215210355987055,1,0.6049382716049383,0.6158947853499648
509,2,UNCERTAINTY_CARTOGRAPHER,DIFFUSION,0.4482758620689655,0.215210355987055,1,0.30439952437574314,0.6158947853499648
509,2,DECEPTION_ANALYST,AR,0.2857142857142857,0.215210355987055,1,0.5102040816326531,0.6158947853499648
509,2,NOVELTY_FORGE,DIFFUSION,0.3181818181818182,0.215210355987055,0,0.1012396694214876,0.046315497324074945
509,2,UNCERTAINTY_CARTOGRAPHER,AR,0.3611111111111111,0.215210355987055,1,0.40817901234567894,0.6158947853499648
509,2,SHASE,DIFFUSION,0.45714285714285713,0.215210355987055,1,0.2946938775510205,0.6158947853499648
509,2,DECEPTION_ANALYST,DIFFUSION,0.3181818181818182,0.215210355987055,1,0.4648760330578513,0.6158947853499648
509,2,MEMORY_ANALYST,DIFFUSION,0.38461538461538464,0.215210355987055,1,0.37869822485207105,0.6158947853499648
509,2,COUNTERFACTUAL,DIFFUSION,0.2631578947368421,0.215210355987055,0,0.06925207756232686,0.046315497324074945
509,2,BLIND_SPOT_HUNTER,DIFFUSION,0.16666666666666666,0.215210355987055,0,0.027777777777777776,0.046315497324074945
509,2,ASSUMPTION_HUNTER,AR,0.14285714285714285,0.215210355987055,0,0.02040816326530612,0.046315497324074945
509,2,UNCERTAINTY_CARTOGRAPHER,AR,0.3611111111111111,0.215210355987055,0,0.13040123456790123,0.046315497324074945
509,2,SHASE,AR,0.4375,0.215210355987055,1,0.31640625,0.6158947853499648
509,2,DECEPTION_ANALYST,AR,0.2857142857142857,0.215210355987055,1,0.5102040816326531,0.6158947853499648
509,2,MEMORY_ANALYST,AR,0.3076923076923077,0.215210355987055,1,0.4792899408284023,0.6158947853499648
509,2,BOUNDARY_HUNTER,DIFFUSION,0.32142857142857145,0.215210355987055,0,0.10331632653061226,0.046315497324074945
509,2,SYNTHESIZER,DIFFUSION,0.15384615384615385,0.215210355987055,0,0.02366863905325444,0.046315497324074945
509,2,COUNTERFACTUAL,DIFFUSION,0.2631578947368421,0.215210355987055,0,0.06925207756232686,0.046315497324074945
509,2,NOVELTY_FORGE,AR,0.1935483870967742,0.215210355987055,0,0.037460978147762745,0.046315497324074945
509,2,SHASE,DIFFUSION,0.45714285714285713,0.215210355987055,0,0.20897959183673467,0.046315497324074945
509,2,DECEPTION_ANALYST,DIFFUSION,0.3181818181818182,0.215210355987055,0,0.1012396694214876,0.046315497324074945
509,2,BLIND_SPOT_HUNTER,DIFFUSION,0.16666666666666666,0.215210355987055,0,0.027777777777777776,0.046315497324074945
509,2,UNCERTAINTY_CARTOGRAPHER,AR,0.3611111111111111,0.215210355987055,0,0.13040123456790123,0.046315497324074945
509,2,UNCERTAINTY_CARTOGRAPHER,AR,0.3611111111111111,0.215210355987055,0,0.13040123456790123,0.046315497324074945
509,2,ANOMALY_HUNTER,AR,0.06666666666666667,0.215210355987055,0,0.0044444444444444444,0.046315497324074945
509,2,MODEL_KILLER,AR,0.22727272727272727,0.215210355987055,0,0.051652892561983466,0.046315497324074945
509,2,SYNTHESIZER,AR,0.2608695652173913,0.215210355987055,1,0.546313799621928,0.6158947853499648
509,2,COUNTERFACTUAL,AR,0.2222222222222222,0.215210355987055,0,0.04938271604938271,0.046315497324074945
509,2,CAUSALITY,AR,0.125,0.215210355987055,1,0.765625,0.6158947853499648
509,2,EVIDENCE_FORENSICS,DIFFUSION,0.25,0.215210355987055,0,0.0625,0.046315497324074945
509,2,COUNTERFACTUAL,AR,0.2222222222222222,0.215210355987055,0,0.04938271604938271,0.046315497324074945
509,2,SHASE,DIFFUSION,0.45714285714285713,0.215210355987055,0,0.20897959183673467,0.046315497324074945
509,2,BLIND_SPOT_HUNTER,DIFFUSION,0.16666666666666666,0.215210355987055,0,0.027777777777777776,0.046315497324074945
509,2,MEMORY_ANALYST,DIFFUSION,0.38461538461538464,0.215210355987055,0,0.14792899408284024,0.046315497324074945
509,2,DECEPTION_ANALYST,DIFFUSION,0.3181818181818182,0.215210355987055,0,0.1012396694214876,0.046315497324074945
509,2,UNCERTAINTY_CARTOGRAPHER,AR,0.3611111111111111,0.215210355987055,0,0.13040123456790123,0.046315497324074945
509,2,SYNTHESIZER,AR,0.2608695652173913,0.215210355987055,0,0.06805293005671077,0.046315497324074945
509,2,UNCERTAINTY_CARTOGRAPHER,AR,0.3611111111111111,0.215210355987055,0,0.13040123456790123,0.046315497324074945
509,2,BOUNDARY_HUNTER,AR,0.23809523809523808,0.215210355987055,1,0.5804988662131518,0.6158947853499648
509,2,RED_TEAM,AR,0.1111111111111111,0.215210355987055,0,0.012345679012345678,0.046315497324074945
509,2,CAUSALITY,AR,0.125,0.215210355987055,0,0.015625,0.046315497324074945
509,2,ANOMALY_HUNTER,AR,0.06666666666666667,0.215210355987055,0,0.0044444444444444444,0.046315497324074945
509,2,SHASE,DIFFUSION,0.45714285714285713,0.215210355987055,0,0.20897959183673467,0.046315497324074945
509,2,COUNTERFACTUAL,DIFFUSION,0.2631578947368421,0.215210355987055,0,0.06925207756232686,0.046315497324074945
509,2,UNCERTAINTY_CARTOGRAPHER,DIFFUSION,0.4482758620689655,0.215210355987055,1,0.30439952437574314,0.6158947853499648
509,2,BOUNDARY_HUNTER,AR,0.23809523809523808,0.215210355987055,0,0.056689342403628114,0.046315497324074945
509,2,BLIND_SPOT_HUNTER,AR,0.2,0.215210355987055,0,0.04000000000000001,0.046315497324074945
509,2,MEMORY_ANALYST,AR,0.3076923076923077,0.215210355987055,0,0.09467455621301776,0.046315497324074945
509,2,DECEPTION_ANALYST,DIFFUSION,0.3181818181818182,0.215210355987055,0,0.1012396694214876,0.046315497324074945
509,2,SYNTHESIZER,DIFFUSION,0.15384615384615385,0.215210355987055,0,0.02366863905325444,0.046315497324074945
509,2,UNCERTAINTY_CARTOGRAPHER,DIFFUSION,0.4482758620689655,0.215210355987055,0,0.2009512485136742,0.046315497324074945
509,2,ASSUMPTION_HUNTER,DIFFUSION,0.17647058823529413,0.215210355987055,0,0.031141868512110732,0.046315497324074945
509,2,ASSUMPTION_HUNTER,AR,0.14285714285714285,0.215210355987055,0,0.02040816326530612,0.046315497324074945
509,2,COUNTERFACTUAL,AR,0.2222222222222222,0.215210355987055,0,0.04938271604938271,0.046315497324074945
509,2,SHASE,DIFFUSION,0.45714285714285713,0.215210355987055,0,0.20897959183673467,0.046315497324074945
509,2,UNCERTAINTY_CARTOGRAPHER,AR,0.3611111111111111,0.215210355987055,0,0.13040123456790123,0.046315497324074945
509,2,BOUNDARY_HUNTER,AR,0.23809523809523808,0.215210355987055,0,0.056689342403628114,0.046315497324074945
509,2,BLIND_SPOT_HUNTER,DIFFUSION,0.16666666666666666,0.215210355987055,0,0.027777777777777776,0.046315497324074945
509,2,ASSUMPTION_HUNTER,AR,0.14285714285714285,0.215210355987055,1,0.7346938775510206,0.6158947853499648
509,2,DECEPTION_ANALYST,AR,0.2857142857142857,0.215210355987055,0,0.08163265306122448,0.046315497324074945
509,2,RED_TEAM,AR,0.1111111111111111,0.215210355987055,0,0.012345679012345678,0.046315497324074945
509,2,MODEL_KILLER,DIFFUSION,0.23076923076923078,0.215210355987055,0,0.053254437869822494,0.046315497324074945
509,2,EVIDENCE_FORENSICS,AR,0.25,0.215210355987055,0,0.0625,0.046315497324074945
509,2,CAUSALITY,DIFFUSION,0.23076923076923078,0.215210355987055,0,0.053254437869822494,0.046315497324074945
509,2,ASSUMPTION_HUNTER,DIFFUSION,0.17647058823529413,0.215210355987055,0,0.031141868512110732,0.046315497324074945
509,2,COUNTERFACTUAL,DIFFUSION,0.2631578947368421,0.215210355987055,0,0.06925207756232686,0.046315497324074945
509,2,UNCERTAINTY_CARTOGRAPHER,DIFFUSION,0.4482758620689655,0.215210355987055,0,0.2009512485136742,0.046315497324074945
509,2,BLIND_SPOT_HUNTER,AR,0.2,0.215210355987055,0,0.04000000000000001,0.046315497324074945
509,2,MEMORY_ANALYST,AR,0.3076923076923077,0.215210355987055,0,0.09467455621301776,0.046315497324074945
509,2,SYNTHESIZER,AR,0.2608695652173913,0.215210355987055,0,0.06805293005671077,0.046315497324074945
509,2,BOUNDARY_HUNTER,DIFFUSION,0.32142857142857145,0.215210355987055,0,0.10331632653061226,0.046315497324074945
509,2,UNCERTAINTY_CARTOGRAPHER,AR,0.3611111111111111,0.215210355987055,0,0.13040123456790123,0.046315497324074945
509,2,ANOMALY_HUNTER,DIFFUSION,0.2777777777777778,0.215210355987055,0,0.0771604938271605,0.046315497324074945
509,2,PARADIGM_BREAKER,AR,0.15789473684210525,0.215210355987055,0,0.02493074792243767,0.046315497324074945
509,2,DECEPTION_ANALYST,DIFFUSION,0.3181818181818182,0.215210355987055,0,0.1012396694214876,0.046315497324074945
509,2,ASSUMPTION_HUNTER,AR,0.14285714285714285,0.215210355987055,0,0.02040816326530612,0.046315497324074945
113,3,SHASE,AR,0.4,0.21859706362153344,1,0.36,0.6105905489808899
113,3,MEMORY_ANALYST,DIFFUSION,0.4230769230769231,0.21859706362153344,1,0.33284023668639046,0.6105905489808899
113,3,BOUNDARY_HUNTER,DIFFUSION,0.2857142857142857,0.21859706362153344,1,0.5102040816326531,0.6105905489808899
113,3,COUNTERFACTUAL,AR,0.18518518518518517,0.21859706362153344,1,0.6639231824417011,0.6105905489808899
113,3,UNCERTAINTY_CARTOGRAPHER,AR,0.325,0.21859706362153344,1,0.45562500000000006,0.6105905489808899
113,3,MODEL_KILLER,DIFFUSION,0.2857142857142857,0.21859706362153344,0,0.08163265306122448,0.04778467622395674
113,3,UNCERTAINTY_CARTOGRAPHER,DIFFUSION,0.4838709677419355,0.21859706362153344,1,0.26638917793964617,0.6105905489808899
113,3,SHASE,DIFFUSION,0.5,0.21859706362153344,1,0.25,0.6105905489808899
113,3,BOUNDARY_HUNTER,DIFFUSION,0.2857142857142857,0.21859706362153344,1,0.5102040816326531,0.6105905489808899
113,3,MEMORY_ANALYST,AR,0.32432432432432434,0.21859706362153344,1,0.4565376186997808,0.6105905489808899
113,3,COUNTERFACTUAL,AR,0.18518518518518517,0.21859706362153344,0,0.034293552812071325,0.04778467622395674
113,3,NOVELTY_FORGE,DIFFUSION,0.3684210526315789,0.21859706362153344,0,0.13573407202216065,0.04778467622395674
113,3,BLIND_SPOT_HUNTER,DIFFUSION,0.16666666666666666,0.21859706362153344,0,0.027777777777777776,0.04778467622395674
113,3,DECEPTION_ANALYST,AR,0.32142857142857145,0.21859706362153344,0,0.10331632653061226,0.04778467622395674
113,3,UNCERTAINTY_CARTOGRAPHER,AR,0.325,0.21859706362153344,1,0.45562500000000006,0.6105905489808899
113,3,SHASE,AR,0.4,0.21859706362153344,1,0.36,0.6105905489808899
113,3,BOUNDARY_HUNTER,DIFFUSION,0.2857142857142857,0.21859706362153344,0,0.08163265306122448,0.04778467622395674
113,3,MEMORY_ANALYST,AR,0.32432432432432434,0.21859706362153344,0,0.10518626734842952,0.04778467622395674
113,3,ANOMALY_HUNTER,DIFFUSION,0.35714285714285715,0.21859706362153344,0,0.12755102040816327,0.04778467622395674
113,3,COUNTERFACTUAL,AR,0.18518518518518517,0.21859706362153344,0,0.034293552812071325,0.04778467622395674
113,3,ASSUMPTION_HUNTER,AR,0.1875,0.21859706362153344,0,0.03515625,0.04778467622395674
113,3,NOVELTY_FORGE,AR,0.17857142857142858,0.21859706362153344,1,0.6747448979591836,0.6105905489808899
113,3,UNCERTAINTY_CARTOGRAPHER,AR,0.325,0.21859706362153344,0,0.10562500000000001,0.04778467622395674
113,3,SHASE,DIFFUSION,0.5,0.21859706362153344,0,0.25,0.04778467622395674
113,3,MEMORY_ANALYST,AR,0.32432432432432434,0.21859706362153344,0,0.10518626734842952,0.04778467622395674
113,3,EVIDENCE_FORENSICS,DIFFUSION,0.3125,0.21859706362153344,0,0.09765625,0.04778467622395674
113,3,SYNTHESIZER,AR,0.2916666666666667,0.21859706362153344,0,0.08506944444444446,0.04778467622395674
113,3,PARADIGM_BREAKER,AR,0.125,0.21859706362153344,1,0.765625,0.6105905489808899
113,3,RED_TEAM,DIFFUSION,0.16666666666666666,0.21859706362153344,0,0.027777777777777776,0.04778467622395674
113,3,NOVELTY_FORGE,AR,0.17857142857142858,0.21859706362153344,0,0.03188775510204082,0.04778467622395674
113,3,DECEPTION_ANALYST,DIFFUSION,0.36,0.21859706362153344,0,0.1296,0.04778467622395674
113,3,ANOMALY_HUNTER,DIFFUSION,0.35714285714285715,0.21859706362153344,0,0.12755102040816327,0.04778467622395674
113,3,COUNTERFACTUAL,DIFFUSION,0.2631578947368421,0.21859706362153344,1,0.5429362880886428,0.6105905489808899
113,3,SHASE,DIFFUSION,0.5,0.21859706362153344,0,0.25,0.04778467622395674
113,3,UNCERTAINTY_CARTOGRAPHER,DIFFUSION,0.4838709677419355,0.21859706362153344,0,0.2341311134235172,0.04778467622395674
113,3,COUNTERFACTUAL,DIFFUSION,0.2631578947368421,0.21859706362153344,0,0.06925207756232686,0.04778467622395674
113,3,SYNTHESIZER,DIFFUSION,0.12,0.21859706362153344,1,0.7744,0.6105905489808899
113,3,PARADIGM_BREAKER,AR,0.125,0.21859706362153344,0,0.015625,0.04778467622395674
113,3,ANOMALY_HUNTER,AR,0.06896551724137931,0.21859706362153344,0,0.0047562425683709865,0.04778467622395674
113,3,MEMORY_ANALYST,AR,0.32432432432432434,0.21859706362153344,0,0.10518626734842952,0.04778467622395674
113,3,ASSUMPTION_HUNTER,AR,0.1875,0.21859706362153344,0,0.03515625,0.04778467622395674
113,3,EVIDENCE_FORENSICS,AR,0.1875,0.21859706362153344,0,0.03515625,0.04778467622395674
113,3,DECEPTION_ANALYST,DIFFUSION,0.36,0.21859706362153344,0,0.1296,0.04778467622395674
113,3,NOVELTY_FORGE,DIFFUSION,0.3684210526315789,0.21859706362153344,0,0.13573407202216065,0.04778467622395674
113,3,COUNTERFACTUAL,DIFFUSION,0.2631578947368421,0.21859706362153344,0,0.06925207756232686,0.04778467622395674
113,3,SHASE,DIFFUSION,0.5,0.21859706362153344,0,0.25,0.04778467622395674
113,3,SYNTHESIZER,AR,0.2916666666666667,0.21859706362153344,0,0.08506944444444446,0.04778467622395674
113,3,ANOMALY_HUNTER,DIFFUSION,0.35714285714285715,0.21859706362153344,0,0.12755102040816327,0.04778467622395674
113,3,UNCERTAINTY_CARTOGRAPHER,AR,0.325,0.21859706362153344,0,0.10562500000000001,0.04778467622395674
113,3,BOUNDARY_HUNTER,DIFFUSION,0.2857142857142857,0.21859706362153344,0,0.08163265306122448,0.04778467622395674
113,3,PARADIGM_BREAKER,AR,0.125,0.21859706362153344,0,0.015625,0.04778467622395674
113,3,MODEL_KILLER,AR,0.18181818181818182,0.21859706362153344,1,0.6694214876033057,0.6105905489808899
113,3,BLIND_SPOT_HUNTER,DIFFUSION,0.16666666666666666,0.21859706362153344,0,0.027777777777777776,0.04778467622395674
113,3,RED_TEAM,AR,0.1111111111111111,0.21859706362153344,0,0.012345679012345678,0.04778467622395674
113,3,MEMORY_ANALYST,DIFFUSION,0.4230769230769231,0.21859706362153344,0,0.17899408284023668,0.04778467622395674
113,3,ASSUMPTION_HUNTER,AR,0.1875,0.21859706362153344,0,0.03515625,0.04778467622395674
113,3,ANOMALY_HUNTER,AR,0.06896551724137931,0.21859706362153344,0,0.0047562425683709865,0.04778467622395674
113,3,COUNTERFACTUAL,AR,0.18518518518518517,0.21859706362153344,0,0.034293552812071325,0.04778467622395674
113,3,SYNTHESIZER,AR,0.2916666666666667,0.21859706362153344,0,0.08506944444444446,0.04778467622395674
113,3,UNCERTAINTY_CARTOGRAPHER,AR,0.325,0.21859706362153344,0,0.10562500000000001,0.04778467622395674
113,3,BOUNDARY_HUNTER,DIFFUSION,0.2857142857142857,0.21859706362153344,0,0.08163265306122448,0.04778467622395674
113,3,MODEL_KILLER,AR,0.18181818181818182,0.21859706362153344,0,0.03305785123966942,0.04778467622395674
113,3,DECEPTION_ANALYST,AR,0.32142857142857145,0.21859706362153344,0,0.10331632653061226,0.04778467622395674
113,3,NOVELTY_FORGE,DIFFUSION,0.3684210526315789,0.21859706362153344,0,0.13573407202216065,0.04778467622395674
113,3,RED_TEAM,DIFFUSION,0.16666666666666666,0.21859706362153344,0,0.027777777777777776,0.04778467622395674
113,3,MEMORY_ANALYST,DIFFUSION,0.4230769230769231,0.21859706362153344,0,0.17899408284023668,0.04778467622395674
113,3,ASSUMPTION_HUNTER,DIFFUSION,0.1111111111111111,0.21859706362153344,1,0.7901234567901234,0.6105905489808899
113,3,PARADIGM_BREAKER,DIFFUSION,0.3333333333333333,0.21859706362153344,0,0.1111111111111111,0.04778467622395674
113,3,SYNTHESIZER,DIFFUSION,0.12,0.21859706362153344,0,0.0144,0.04778467622395674
113,3,SHASE,AR,0.4,0.21859706362153344,0,0.16000000000000003,0.04778467622395674
113,3,ANOMALY_HUNTER,DIFFUSION,0.35714285714285715,0.21859706362153344,0,0.12755102040816327,0.04778467622395674
113,3,PARADIGM_BREAKER,AR,0.125,0.21859706362153344,0,0.015625,0.04778467622395674
113,3,BOUNDARY_HUNTER,AR,0.25925925925925924,0.21859706362153344,0,0.0672153635116598,0.04778467622395674
113,3,EVIDENCE_FORENSICS,DIFFUSION,0.3125,0.21859706362153344,0,0.09765625,0.04778467622395674
113,3,MODEL_KILLER,AR,0.18181818181818182,0.21859706362153344,0,0.03305785123966942,0.04778467622395674
113,3,ASSUMPTION_HUNTER,AR,0.1875,0.21859706362153344,0,0.03515625,0.04778467622395674
113,3,BLIND_SPOT_HUNTER,AR,0.10526315789473684,0.21859706362153344,1,0.8005540166204986,0.6105905489808899
113,3,ANOMALY_HUNTER,AR,0.06896551724137931,0.21859706362153344,0,0.0047562425683709865,0.04778467622395674
113,3,DECEPTION_ANALYST,AR,0.32142857142857145,0.21859706362153344,0,0.10331632653061226,0.04778467622395674
113,3,NOVELTY_FORGE,AR,0.17857142857142858,0.21859706362153344,0,0.03188775510204082,0.04778467622395674
607,3,SHASE,DIFFUSION,0.5,0.21859706362153344,1,0.25,0.6105905489808899
607,3,MEMORY_ANALYST,DIFFUSION,0.4230769230769231,0.21859706362153344,1,0.33284023668639046,0.6105905489808899
607,3,BOUNDARY_HUNTER,DIFFUSION,0.2857142857142857,0.21859706362153344,1,0.5102040816326531,0.6105905489808899
607,3,COUNTERFACTUAL,AR,0.18518518518518517,0.21859706362153344,1,0.6639231824417011,0.6105905489808899
607,3,UNCERTAINTY_CARTOGRAPHER,DIFFUSION,0.4838709677419355,0.21859706362153344,1,0.26638917793964617,0.6105905489808899
607,3,UNCERTAINTY_CARTOGRAPHER,AR,0.325,0.21859706362153344,1,0.45562500000000006,0.6105905489808899
607,3,SHASE,DIFFUSION,0.5,0.21859706362153344,1,0.25,0.6105905489808899
607,3,COUNTERFACTUAL,DIFFUSION,0.2631578947368421,0.21859706362153344,0,0.06925207756232686,0.04778467622395674
607,3,MEMORY_ANALYST,AR,0.32432432432432434,0.21859706362153344,1,0.4565376186997808,0.6105905489808899
607,3,NOVELTY_FORGE,DIFFUSION,0.3684210526315789,0.21859706362153344,1,0.39889196675900274,0.6105905489808899
607,3,PARADIGM_BREAKER,DIFFUSION,0.3333333333333333,0.21859706362153344,0,0.1111111111111111,0.04778467622395674
607,3,UNCERTAINTY_CARTOGRAPHER,AR,0.325,0.21859706362153344,0,0.10562500000000001,0.04778467622395674
607,3,SHASE,DIFFUSION,0.5,0.21859706362153344,0,0.25,0.04778467622395674
607,3,MEMORY_ANALYST,DIFFUSION,0.4230769230769231,0.21859706362153344,1,0.33284023668639046,0.6105905489808899
607,3,NOVELTY_FORGE,AR,0.17857142857142858,0.21859706362153344,0,0.03188775510204082,0.04778467622395674
607,3,BOUNDARY_HUNTER,DIFFUSION,0.2857142857142857,0.21859706362153344,1,0.5102040816326531,0.6105905489808899
607,3,RED_TEAM,AR,0.1111111111111111,0.21859706362153344,0,0.012345679012345678,0.04778467622395674
607,3,DECEPTION_ANALYST,DIFFUSION,0.36,0.21859706362153344,1,0.4096,0.6105905489808899
607,3,ANOMALY_HUNTER,DIFFUSION,0.35714285714285715,0.21859706362153344,0,0.12755102040816327,0.04778467622395674
607,3,BLIND_SPOT_HUNTER,DIFFUSION,0.16666666666666666,0.21859706362153344,0,0.027777777777777776,0.04778467622395674
607,3,ASSUMPTION_HUNTER,DIFFUSION,0.1111111111111111,0.21859706362153344,0,0.012345679012345678,0.04778467622395674
607,3,MEMORY_ANALYST,AR,0.32432432432432434,0.21859706362153344,0,0.10518626734842952,0.04778467622395674
607,3,BOUNDARY_HUNTER,DIFFUSION,0.2857142857142857,0.21859706362153344,0,0.08163265306122448,0.04778467622395674
607,3,DECEPTION_ANALYST,AR,0.32142857142857145,0.21859706362153344,1,0.46045918367346944,0.6105905489808899
607,3,SHASE,AR,0.4,0.21859706362153344,1,0.36,0.6105905489808899
607,3,NOVELTY_FORGE,DIFFUSION,0.3684210526315789,0.21859706362153344,0,0.13573407202216065,0.04778467622395674
607,3,COUNTERFACTUAL,AR,0.18518518518518517,0.21859706362153344,0,0.034293552812071325,0.04778467622395674
607,3,EVIDENCE_FORENSICS,DIFFUSION,0.3125,0.21859706362153344,0,0.09765625,0.04778467622395674
607,3,PARADIGM_BREAKER,AR,0.125,0.21859706362153344,0,0.015625,0.04778467622395674
607,3,RED_TEAM,DIFFUSION,0.16666666666666666,0.21859706362153344,0,0.027777777777777776,0.04778467622395674
607,3,ANOMALY_HUNTER,DIFFUSION,0.35714285714285715,0.21859706362153344,0,0.12755102040816327,0.04778467622395674
607,3,UNCERTAINTY_CARTOGRAPHER,AR,0.325,0.21859706362153344,0,0.10562500000000001,0.04778467622395674
607,3,SHASE,AR,0.4,0.21859706362153344,0,0.16000000000000003,0.04778467622395674
607,3,DECEPTION_ANALYST,DIFFUSION,0.36,0.21859706362153344,0,0.1296,0.04778467622395674
607,3,BOUNDARY_HUNTER,AR,0.25925925925925924,0.21859706362153344,0,0.0672153635116598,0.04778467622395674
607,3,MEMORY_ANALYST,AR,0.32432432432432434,0.21859706362153344,0,0.10518626734842952,0.04778467622395674
607,3,NOVELTY_FORGE,AR,0.17857142857142858,0.21859706362153344,0,0.03188775510204082,0.04778467622395674
607,3,SYNTHESIZER,DIFFUSION,0.12,0.21859706362153344,0,0.0144,0.04778467622395674
607,3,COUNTERFACTUAL,DIFFUSION,0.2631578947368421,0.21859706362153344,0,0.06925207756232686,0.04778467622395674
607,3,CAUSALITY,AR,0.17647058823529413,0.21859706362153344,0,0.031141868512110732,0.04778467622395674
607,3,EVIDENCE_FORENSICS,AR,0.1875,0.21859706362153344,1,0.66015625,0.6105905489808899
607,3,BLIND_SPOT_HUNTER,AR,0.10526315789473684,0.21859706362153344,0,0.011080332409972297,0.04778467622395674
607,3,UNCERTAINTY_CARTOGRAPHER,AR,0.325,0.21859706362153344,0,0.10562500000000001,0.04778467622395674
607,3,SHASE,AR,0.4,0.21859706362153344,0,0.16000000000000003,0.04778467622395674
607,3,MODEL_KILLER,DIFFUSION,0.2857142857142857,0.21859706362153344,0,0.08163265306122448,0.04778467622395674
607,3,DECEPTION_ANALYST,DIFFUSION,0.36,0.21859706362153344,0,0.1296,0.04778467622395674
607,3,BOUNDARY_HUNTER,DIFFUSION,0.2857142857142857,0.21859706362153344,0,0.08163265306122448,0.04778467622395674
607,3,MEMORY_ANALYST,AR,0.32432432432432434,0.21859706362153344,0,0.10518626734842952,0.04778467622395674
607,3,EVIDENCE_FORENSICS,DIFFUSION,0.3125,0.21859706362153344,0,0.09765625,0.04778467622395674
607,3,NOVELTY_FORGE,DIFFUSION,0.3684210526315789,0.21859706362153344,0,0.13573407202216065,0.04778467622395674
607,3,BLIND_SPOT_HUNTER,AR,0.10526315789473684,0.21859706362153344,1,0.8005540166204986,0.6105905489808899
607,3,SYNTHESIZER,DIFFUSION,0.12,0.21859706362153344,0,0.0144,0.04778467622395674
607,3,RED_TEAM,AR,0.1111111111111111,0.21859706362153344,0,0.012345679012345678,0.04778467622395674
607,3,ANOMALY_HUNTER,AR,0.06896551724137931,0.21859706362153344,0,0.0047562425683709865,0.04778467622395674
607,3,BLIND_SPOT_HUNTER,DIFFUSION,0.16666666666666666,0.21859706362153344,0,0.027777777777777776,0.04778467622395674
607,3,UNCERTAINTY_CARTOGRAPHER,DIFFUSION,0.4838709677419355,0.21859706362153344,0,0.2341311134235172,0.04778467622395674
607,3,SHASE,DIFFUSION,0.5,0.21859706362153344,0,0.25,0.04778467622395674
607,3,MODEL_KILLER,AR,0.18181818181818182,0.21859706362153344,0,0.03305785123966942,0.04778467622395674
607,3,DECEPTION_ANALYST,AR,0.32142857142857145,0.21859706362153344,0,0.10331632653061226,0.04778467622395674
607,3,BOUNDARY_HUNTER,DIFFUSION,0.2857142857142857,0.21859706362153344,0,0.08163265306122448,0.04778467622395674
607,3,MEMORY_ANALYST,DIFFUSION,0.4230769230769231,0.21859706362153344,0,0.17899408284023668,0.04778467622395674
607,3,EVIDENCE_FORENSICS,AR,0.1875,0.21859706362153344,0,0.03515625,0.04778467622395674
607,3,COUNTERFACTUAL,DIFFUSION,0.2631578947368421,0.21859706362153344,0,0.06925207756232686,0.04778467622395674
607,3,CAUSALITY,DIFFUSION,0.13333333333333333,0.21859706362153344,1,0.7511111111111112,0.6105905489808899
607,3,NOVELTY_FORGE,AR,0.17857142857142858,0.21859706362153344,0,0.03188775510204082,0.04778467622395674
607,3,BLIND_SPOT_HUNTER,DIFFUSION,0.16666666666666666,0.21859706362153344,0,0.027777777777777776,0.04778467622395674
607,3,BLIND_SPOT_HUNTER,AR,0.10526315789473684,0.21859706362153344,0,0.011080332409972297,0.04778467622395674
607,3,SHASE,DIFFUSION,0.5,0.21859706362153344,0,0.25,0.04778467622395674
607,3,MODEL_KILLER,AR,0.18181818181818182,0.21859706362153344,0,0.03305785123966942,0.04778467622395674
607,3,CAUSALITY,AR,0.17647058823529413,0.21859706362153344,0,0.031141868512110732,0.04778467622395674
607,3,DECEPTION_ANALYST,AR,0.32142857142857145,0.21859706362153344,0,0.10331632653061226,0.04778467622395674
607,3,PARADIGM_BREAKER,AR,0.125,0.21859706362153344,0,0.015625,0.04778467622395674
607,3,SYNTHESIZER,AR,0.2916666666666667,0.21859706362153344,0,0.08506944444444446,0.04778467622395674
607,3,BOUNDARY_HUNTER,DIFFUSION,0.2857142857142857,0.21859706362153344,0,0.08163265306122448,0.04778467622395674
607,3,RED_TEAM,AR,0.1111111111111111,0.21859706362153344,0,0.012345679012345678,0.04778467622395674
607,3,ANOMALY_HUNTER,AR,0.06896551724137931,0.21859706362153344,0,0.0047562425683709865,0.04778467622395674
607,3,MEMORY_ANALYST,DIFFUSION,0.4230769230769231,0.21859706362153344,0,0.17899408284023668,0.04778467622395674
607,3,EVIDENCE_FORENSICS,DIFFUSION,0.3125,0.21859706362153344,0,0.09765625,0.04778467622395674
211,4,SHASE,DIFFUSION,0.4473684210526316,0.21915584415584416,1,0.3054016620498614,0.6097175957159724
211,4,MEMORY_ANALYST,AR,0.2894736842105263,0.21915584415584416,1,0.5048476454293629,0.6097175957159724
211,4,COUNTERFACTUAL,DIFFUSION,0.23529411764705882,0.21915584415584416,1,0.5847750865051903,0.6097175957159724
211,4,ANOMALY_HUNTER,AR,0.07692307692307693,0.21915584415584416,0,0.00591715976331361,0.04802928402766065
211,4,UNCERTAINTY_CARTOGRAPHER,AR,0.3076923076923077,0.21915584415584416,1,0.4792899408284023,0.6097175957159724
211,4,NOVELTY_FORGE,DIFFUSION,0.23809523809523808,0.21915584415584416,1,0.5804988662131518,0.6097175957159724
211,4,UNCERTAINTY_CARTOGRAPHER,AR,0.3076923076923077,0.21915584415584416,1,0.4792899408284023,0.6097175957159724
211,4,NOVELTY_FORGE,AR,0.24,0.21915584415584416,0,0.0576,0.04802928402766065
211,4,SHASE,DIFFUSION,0.4473684210526316,0.21915584415584416,1,0.3054016620498614,0.6097175957159724
211,4,COUNTERFACTUAL,DIFFUSION,0.23529411764705882,0.21915584415584416,1,0.5847750865051903,0.6097175957159724
211,4,MEMORY_ANALYST,DIFFUSION,0.52,0.21915584415584416,0,0.27040000000000003,0.04802928402766065
211,4,BOUNDARY_HUNTER,DIFFUSION,0.32142857142857145,0.21915584415584416,1,0.46045918367346944,0.6097175957159724
211,4,PARADIGM_BREAKER,AR,0.15,0.21915584415584416,0,0.0225,0.04802928402766065
211,4,UNCERTAINTY_CARTOGRAPHER,AR,0.3076923076923077,0.21915584415584416,0,0.09467455621301776,0.04802928402766065
211,4,SHASE,AR,0.42424242424242425,0.21915584415584416,1,0.33149678604224053,0.6097175957159724
211,4,BOUNDARY_HUNTER,DIFFUSION,0.32142857142857145,0.21915584415584416,0,0.10331632653061226,0.04802928402766065
211,4,BLIND_SPOT_HUNTER,AR,0.21052631578947367,0.21915584415584416,0,0.04432132963988919,0.04802928402766065
211,4,RED_TEAM,DIFFUSION,0.15384615384615385,0.21915584415584416,0,0.02366863905325444,0.04802928402766065
211,4,SYNTHESIZER,DIFFUSION,0.21052631578947367,0.21915584415584416,0,0.04432132963988919,0.04802928402766065
211,4,DECEPTION_ANALYST,DIFFUSION,0.32142857142857145,0.21915584415584416,0,0.10331632653061226,0.04802928402766065
211,4,MODEL_KILLER,AR,0.15,0.21915584415584416,0,0.0225,0.04802928402766065
211,4,NOVELTY_FORGE,DIFFUSION,0.23809523809523808,0.21915584415584416,1,0.5804988662131518,0.6097175957159724
211,4,MEMORY_ANALYST,DIFFUSION,0.52,0.21915584415584416,0,0.27040000000000003,0.04802928402766065
211,4,SHASE,AR,0.42424242424242425,0.21915584415584416,0,0.1799816345270891,0.04802928402766065
211,4,COUNTERFACTUAL,DIFFUSION,0.23529411764705882,0.21915584415584416,0,0.05536332179930796,0.04802928402766065
211,4,UNCERTAINTY_CARTOGRAPHER,AR,0.3076923076923077,0.21915584415584416,0,0.09467455621301776,0.04802928402766065
211,4,NOVELTY_FORGE,AR,0.24,0.21915584415584416,0,0.0576,0.04802928402766065
211,4,SYNTHESIZER,DIFFUSION,0.21052631578947367,0.21915584415584416,0,0.04432132963988919,0.04802928402766065
211,4,BOUNDARY_HUNTER,DIFFUSION,0.32142857142857145,0.21915584415584416,0,0.10331632653061226,0.04802928402766065
211,4,SYNTHESIZER,DIFFUSION,0.21052631578947367,0.21915584415584416,0,0.04432132963988919,0.04802928402766065
211,4,BLIND_SPOT_HUNTER,AR,0.21052631578947367,0.21915584415584416,0,0.04432132963988919,0.04802928402766065
211,4,DECEPTION_ANALYST,AR,0.3076923076923077,0.21915584415584416,0,0.09467455621301776,0.04802928402766065
211,4,MODEL_KILLER,DIFFUSION,0.21428571428571427,0.21915584415584416,1,0.6173469387755102,0.6097175957159724
211,4,MEMORY_ANALYST,DIFFUSION,0.52,0.21915584415584416,0,0.27040000000000003,0.04802928402766065
211,4,SYNTHESIZER,DIFFUSION,0.21052631578947367,0.21915584415584416,0,0.04432132963988919,0.04802928402766065
211,4,COUNTERFACTUAL,DIFFUSION,0.23529411764705882,0.21915584415584416,0,0.05536332179930796,0.04802928402766065
211,4,UNCERTAINTY_CARTOGRAPHER,AR,0.3076923076923077,0.21915584415584416,0,0.09467455621301776,0.04802928402766065
211,4,SHASE,AR,0.42424242424242425,0.21915584415584416,0,0.1799816345270891,0.04802928402766065
211,4,MEMORY_ANALYST,DIFFUSION,0.52,0.21915584415584416,0,0.27040000000000003,0.04802928402766065
211,4,SYNTHESIZER,DIFFUSION,0.21052631578947367,0.21915584415584416,0,0.04432132963988919,0.04802928402766065
211,4,NOVELTY_FORGE,AR,0.24,0.21915584415584416,0,0.0576,0.04802928402766065
211,4,RED_TEAM,AR,0.1111111111111111,0.21915584415584416,0,0.012345679012345678,0.04802928402766065
211,4,MODEL_KILLER,AR,0.15,0.21915584415584416,0,0.0225,0.04802928402766065
211,4,BOUNDARY_HUNTER,AR,0.25,0.21915584415584416,1,0.5625,0.6097175957159724
211,4,ASSUMPTION_HUNTER,DIFFUSION,0.17647058823529413,0.21915584415584416,0,0.031141868512110732,0.04802928402766065
211,4,SYNTHESIZER,DIFFUSION,0.21052631578947367,0.21915584415584416,0,0.04432132963988919,0.04802928402766065
211,4,COUNTERFACTUAL,AR,0.25,0.21915584415584416,0,0.0625,0.04802928402766065
211,4,UNCERTAINTY_CARTOGRAPHER,AR,0.3076923076923077,0.21915584415584416,0,0.09467455621301776,0.04802928402766065
211,4,SHASE,DIFFUSION,0.4473684210526316,0.21915584415584416,0,0.20013850415512466,0.04802928402766065
211,4,BOUNDARY_HUNTER,AR,0.25,0.21915584415584416,0,0.0625,0.04802928402766065
211,4,MEMORY_ANALYST,AR,0.2894736842105263,0.21915584415584416,0,0.08379501385041552,0.04802928402766065
211,4,SYNTHESIZER,DIFFUSION,0.21052631578947367,0.21915584415584416,0,0.04432132963988919,0.04802928402766065
211,4,EVIDENCE_FORENSICS,AR,0.26666666666666666,0.21915584415584416,0,0.07111111111111111,0.04802928402766065
211,4,CAUSALITY,DIFFUSION,0.21428571428571427,0.21915584415584416,0,0.04591836734693877,0.04802928402766065
211,4,ANOMALY_HUNTER,DIFFUSION,0.21052631578947367,0.21915584415584416,1,0.6232686980609419,0.6097175957159724
211,4,ANOMALY_HUNTER,AR,0.07692307692307693,0.21915584415584416,0,0.00591715976331361,0.04802928402766065
211,4,SYNTHESIZER,AR,0.25,0.21915584415584416,1,0.5625,0.6097175957159724
211,4,ANOMALY_HUNTER,AR,0.07692307692307693,0.21915584415584416,0,0.00591715976331361,0.04802928402766065
211,4,COUNTERFACTUAL,DIFFUSION,0.23529411764705882,0.21915584415584416,0,0.05536332179930796,0.04802928402766065
211,4,UNCERTAINTY_CARTOGRAPHER,AR,0.3076923076923077,0.21915584415584416,0,0.09467455621301776,0.04802928402766065
211,4,SHASE,DIFFUSION,0.4473684210526316,0.21915584415584416,0,0.20013850415512466,0.04802928402766065
211,4,NOVELTY_FORGE,DIFFUSION,0.23809523809523808,0.21915584415584416,0,0.056689342403628114,0.04802928402766065
211,4,BOUNDARY_HUNTER,DIFFUSION,0.32142857142857145,0.21915584415584416,0,0.10331632653061226,0.04802928402766065
211,4,RED_TEAM,AR,0.1111111111111111,0.21915584415584416,0,0.012345679012345678,0.04802928402766065
211,4,MODEL_KILLER,AR,0.15,0.21915584415584416,0,0.0225,0.04802928402766065
211,4,EVIDENCE_FORENSICS,DIFFUSION,0.2222222222222222,0.21915584415584416,0,0.04938271604938271,0.04802928402766065
211,4,CAUSALITY,AR,0.1875,0.21915584415584416,0,0.03515625,0.04802928402766065
211,4,SYNTHESIZER,AR,0.25,0.21915584415584416,0,0.0625,0.04802928402766065
211,4,ANOMALY_HUNTER,AR,0.07692307692307693,0.21915584415584416,0,0.00591715976331361,0.04802928402766065
211,4,SHASE,AR,0.42424242424242425,0.21915584415584416,0,0.1799816345270891,0.04802928402766065
211,4,PARADIGM_BREAKER,DIFFUSION,0.3333333333333333,0.21915584415584416,0,0.1111111111111111,0.04802928402766065
211,4,MEMORY_ANALYST,DIFFUSION,0.52,0.21915584415584416,0,0.27040000000000003,0.04802928402766065
211,4,COUNTERFACTUAL,DIFFUSION,0.23529411764705882,0.21915584415584416,0,0.05536332179930796,0.04802928402766065
211,4,SYNTHESIZER,AR,0.25,0.21915584415584416,0,0.0625,0.04802928402766065
211,4,ANOMALY_HUNTER,AR,0.07692307692307693,0.21915584415584416,0,0.00591715976331361,0.04802928402766065
211,4,BLIND_SPOT_HUNTER,DIFFUSION,0.14285714285714285,0.21915584415584416,0,0.02040816326530612,0.04802928402766065
211,4,DECEPTION_ANALYST,AR,0.3076923076923077,0.21915584415584416,0,0.09467455621301776,0.04802928402766065
211,4,NOVELTY_FORGE,AR,0.24,0.21915584415584416,0,0.0576,0.04802928402766065
211,4,BOUNDARY_HUNTER,AR,0.25,0.21915584415584416,0,0.0625,0.04802928402766065
709,4,SHASE,AR,0.42424242424242425,0.21915584415584416,1,0.33149678604224053,0.6097175957159724
709,4,MEMORY_ANALYST,AR,0.2894736842105263,0.21915584415584416,1,0.5048476454293629,0.6097175957159724
709,4,RED_TEAM,AR,0.1111111111111111,0.21915584415584416,0,0.012345679012345678,0.04802928402766065
709,4,COUNTERFACTUAL,AR,0.25,0.21915584415584416,0,0.0625,0.04802928402766065
709,4,UNCERTAINTY_CARTOGRAPHER,DIFFUSION,0.5,0.21915584415584416,1,0.25,0.6097175957159724
709,4,DECEPTION_ANALYST,AR,0.3076923076923077,0.21915584415584416,1,0.4792899408284023,0.6097175957159724
709,4,UNCERTAINTY_CARTOGRAPHER,AR,0.3076923076923077,0.21915584415584416,1,0.4792899408284023,0.6097175957159724
709,4,SHASE,DIFFUSION,0.4473684210526316,0.21915584415584416,1,0.3054016620498614,0.6097175957159724
709,4,DECEPTION_ANALYST,AR,0.3076923076923077,0.21915584415584416,1,0.4792899408284023,0.6097175957159724
709,4,MEMORY_ANALYST,AR,0.2894736842105263,0.21915584415584416,1,0.5048476454293629,0.6097175957159724
709,4,EVIDENCE_FORENSICS,AR,0.26666666666666666,0.21915584415584416,0,0.07111111111111111,0.04802928402766065
709,4,NOVELTY_FORGE,AR,0.24,0.21915584415584416,0,0.0576,0.04802928402766065
709,4,PARADIGM_BREAKER,DIFFUSION,0.3333333333333333,0.21915584415584416,0,0.1111111111111111,0.04802928402766065
709,4,BLIND_SPOT_HUNTER,AR,0.21052631578947367,0.21915584415584416,0,0.04432132963988919,0.04802928402766065
709,4,UNCERTAINTY_CARTOGRAPHER,DIFFUSION,0.5,0.21915584415584416,1,0.25,0.6097175957159724
709,4,SHASE,AR,0.42424242424242425,0.21915584415584416,1,0.33149678604224053,0.6097175957159724
709,4,DECEPTION_ANALYST,AR,0.3076923076923077,0.21915584415584416,0,0.09467455621301776,0.04802928402766065
709,4,MEMORY_ANALYST,AR,0.2894736842105263,0.21915584415584416,0,0.08379501385041552,0.04802928402766065
709,4,MODEL_KILLER,DIFFUSION,0.21428571428571427,0.21915584415584416,0,0.04591836734693877,0.04802928402766065
709,4,BOUNDARY_HUNTER,AR,0.25,0.21915584415584416,0,0.0625,0.04802928402766065
709,4,ANOMALY_HUNTER,AR,0.07692307692307693,0.21915584415584416,0,0.00591715976331361,0.04802928402766065
709,4,EVIDENCE_FORENSICS,AR,0.26666666666666666,0.21915584415584416,0,0.07111111111111111,0.04802928402766065
709,4,NOVELTY_FORGE,DIFFUSION,0.23809523809523808,0.21915584415584416,1,0.5804988662131518,0.6097175957159724
709,4,UNCERTAINTY_CARTOGRAPHER,DIFFUSION,0.5,0.21915584415584416,0,0.25,0.04802928402766065
709,4,DECEPTION_ANALYST,DIFFUSION,0.32142857142857145,0.21915584415584416,1,0.46045918367346944,0.6097175957159724
709,4,MEMORY_ANALYST,DIFFUSION,0.52,0.21915584415584416,1,0.2304,0.6097175957159724
709,4,ASSUMPTION_HUNTER,DIFFUSION,0.17647058823529413,0.21915584415584416,0,0.031141868512110732,0.04802928402766065
709,4,NOVELTY_FORGE,AR,0.24,0.21915584415584416,0,0.0576,0.04802928402766065
709,4,CAUSALITY,DIFFUSION,0.21428571428571427,0.21915584415584416,0,0.04591836734693877,0.04802928402766065
709,4,BOUNDARY_HUNTER,AR,0.25,0.21915584415584416,0,0.0625,0.04802928402766065
709,4,EVIDENCE_FORENSICS,DIFFUSION,0.2222222222222222,0.21915584415584416,1,0.6049382716049383,0.6097175957159724
709,4,SHASE,DIFFUSION,0.4473684210526316,0.21915584415584416,0,0.20013850415512466,0.04802928402766065
709,4,COUNTERFACTUAL,DIFFUSION,0.23529411764705882,0.21915584415584416,0,0.05536332179930796,0.04802928402766065
709,4,SYNTHESIZER,DIFFUSION,0.21052631578947367,0.21915584415584416,0,0.04432132963988919,0.04802928402766065
709,4,DECEPTION_ANALYST,AR,0.3076923076923077,0.21915584415584416,0,0.09467455621301776,0.04802928402766065
709,4,COUNTERFACTUAL,DIFFUSION,0.23529411764705882,0.21915584415584416,0,0.05536332179930796,0.04802928402766065
709,4,UNCERTAINTY_CARTOGRAPHER,AR,0.3076923076923077,0.21915584415584416,0,0.09467455621301776,0.04802928402766065
709,4,MEMORY_ANALYST,DIFFUSION,0.52,0.21915584415584416,0,0.27040000000000003,0.04802928402766065
709,4,NOVELTY_FORGE,AR,0.24,0.21915584415584416,0,0.0576,0.04802928402766065
709,4,MODEL_KILLER,AR,0.15,0.21915584415584416,1,0.7224999999999999,0.6097175957159724
709,4,EVIDENCE_FORENSICS,DIFFUSION,0.2222222222222222,0.21915584415584416,0,0.04938271604938271,0.04802928402766065
709,4,CAUSALITY,AR,0.1875,0.21915584415584416,0,0.03515625,0.04802928402766065
709,4,PARADIGM_BREAKER,AR,0.15,0.21915584415584416,0,0.0225,0.04802928402766065
709,4,SHASE,AR,0.42424242424242425,0.21915584415584416,0,0.1799816345270891,0.04802928402766065
709,4,COUNTERFACTUAL,AR,0.25,0.21915584415584416,0,0.0625,0.04802928402766065
709,4,SYNTHESIZER,DIFFUSION,0.21052631578947367,0.21915584415584416,0,0.04432132963988919,0.04802928402766065
709,4,DECEPTION_ANALYST,AR,0.3076923076923077,0.21915584415584416,0,0.09467455621301776,0.04802928402766065
709,4,COUNTERFACTUAL,AR,0.25,0.21915584415584416,0,0.0625,0.04802928402766065
709,4,ASSUMPTION_HUNTER,DIFFUSION,0.17647058823529413,0.21915584415584416,0,0.031141868512110732,0.04802928402766065
709,4,MODEL_KILLER,AR,0.15,0.21915584415584416,1,0.7224999999999999,0.6097175957159724
709,4,UNCERTAINTY_CARTOGRAPHER,DIFFUSION,0.5,0.21915584415584416,0,0.25,0.04802928402766065
709,4,MEMORY_ANALYST,AR,0.2894736842105263,0.21915584415584416,0,0.08379501385041552,0.04802928402766065
709,4,NOVELTY_FORGE,AR,0.24,0.21915584415584416,0,0.0576,0.04802928402766065
709,4,BLIND_SPOT_HUNTER,AR,0.21052631578947367,0.21915584415584416,0,0.04432132963988919,0.04802928402766065
709,4,ANOMALY_HUNTER,AR,0.07692307692307693,0.21915584415584416,0,0.00591715976331361,0.04802928402766065
709,4,SHASE,AR,0.42424242424242425,0.21915584415584416,0,0.1799816345270891,0.04802928402766065
709,4,COUNTERFACTUAL,AR,0.25,0.21915584415584416,0,0.0625,0.04802928402766065
709,4,COUNTERFACTUAL,DIFFUSION,0.23529411764705882,0.21915584415584416,0,0.05536332179930796,0.04802928402766065
709,4,MODEL_KILLER,AR,0.15,0.21915584415584416,0,0.0225,0.04802928402766065
709,4,SYNTHESIZER,AR,0.25,0.21915584415584416,0,0.0625,0.04802928402766065
709,4,RED_TEAM,DIFFUSION,0.15384615384615385,0.21915584415584416,0,0.02366863905325444,0.04802928402766065
709,4,DECEPTION_ANALYST,AR,0.3076923076923077,0.21915584415584416,0,0.09467455621301776,0.04802928402766065
709,4,UNCERTAINTY_CARTOGRAPHER,DIFFUSION,0.5,0.21915584415584416,0,0.25,0.04802928402766065
709,4,MEMORY_ANALYST,DIFFUSION,0.52,0.21915584415584416,0,0.27040000000000003,0.04802928402766065
709,4,NOVELTY_FORGE,AR,0.24,0.21915584415584416,0,0.0576,0.04802928402766065
709,4,CAUSALITY,AR,0.1875,0.21915584415584416,0,0.03515625,0.04802928402766065
709,4,BLIND_SPOT_HUNTER,DIFFUSION,0.14285714285714285,0.21915584415584416,0,0.02040816326530612,0.04802928402766065
709,4,COUNTERFACTUAL,DIFFUSION,0.23529411764705882,0.21915584415584416,1,0.5847750865051903,0.6097175957159724
709,4,SHASE,DIFFUSION,0.4473684210526316,0.21915584415584416,1,0.3054016620498614,0.6097175957159724
709,4,MODEL_KILLER,AR,0.15,0.21915584415584416,0,0.0225,0.04802928402766065
709,4,SYNTHESIZER,DIFFUSION,0.21052631578947367,0.21915584415584416,0,0.04432132963988919,0.04802928402766065
709,4,RED_TEAM,AR,0.1111111111111111,0.21915584415584416,0,0.012345679012345678,0.04802928402766065
709,4,EVIDENCE_FORENSICS,AR,0.26666666666666666,0.21915584415584416,0,0.07111111111111111,0.04802928402766065
709,4,ANOMALY_HUNTER,AR,0.07692307692307693,0.21915584415584416,0,0.00591715976331361,0.04802928402766065
709,4,UNCERTAINTY_CARTOGRAPHER,AR,0.3076923076923077,0.21915584415584416,1,0.4792899408284023,0.6097175957159724
709,4,MEMORY_ANALYST,AR,0.2894736842105263,0.21915584415584416,0,0.08379501385041552,0.04802928402766065
