path,size_bytes,sha256,layer
README_V350.md,728,580eb10b3cc500293f98922b143157a21b94ff67ca5bc1a84bd97cf715348ac9,ROOT_METADATA
WORKING_SNAPSHOT_MANIFEST.md,1649,3c105b40908ec50a8466705290ba6be8abf84aa882b9161160e25a3242beb556,ROOT_METADATA
diagnostics/g7_arm_stratified_v1/run_g7_arm_stratified.py,8357,d69d43ac55ea436a1f8b075b7aed865422c521ea23a3391932927e350bbb0b07,EXPERIMENTAL_OVERLAY
dist/worm_farm-3.5.0-py3-none-any.whl,15976630,5c8caede03d2f090263c282e6ffecc5bd864db8b8d2af360c1b2fb99261b148a,ROOT_METADATA
pyproject.toml,517,685dc0619c35fc884043b469319ffc7b2478507e6db731075ae37989839d7d4a,ROOT_METADATA
research_protocols/claim_diverse_v1/CLAIM_DIVERSE_PREFLIGHT_REPORT.md,1892,2139ab8c87ba005b577dbf0032100136076bd1a33c5766a1062fa57d972b1f06,EXPERIMENTAL_OVERLAY
research_protocols/claim_diverse_v1/CLAIM_TASKS_V1.csv,3957,780e0bda1e4bc62438bc2ea78ec730bdd08e56c5e690270110b65e00137fc2cb,EXPERIMENTAL_OVERLAY
research_protocols/claim_diverse_v1/NULL_SIMILARITY_PAIRS.csv,4069,c9bc59ed5cd7099036622193088fb54daec6a3981d5bffd6274e536212f1b257,EXPERIMENTAL_OVERLAY
research_protocols/claim_diverse_v1/PREREGISTRATION_ADDENDUM_RULE_V1.md,1997,d94ceb35e485e46d7105f9cbe16a6c6440dcae759ace9db494f3a62b9c8ae855,EXPERIMENTAL_OVERLAY
research_protocols/independence_v1/CLAIM_DIVERSE_THOMPSON_PROTOCOL_V1.md,3437,b22ffd3c1c63e4df9682d275199c9f6fb1e0ec72038f6dc7550ebe366ccbb914,EXPERIMENTAL_OVERLAY
research_protocols/independence_v1/EXPERIMENT_INDEPENDENCE_STANDARD_V1.md,2251,e89b54b66dfe7c0d7d305f08051d2a0beb8a44f6255c3f05b9999070a54acb84,EXPERIMENTAL_OVERLAY
research_protocols/independence_v1/ROOT_CAUSE_CLAIM_INDEPENDENCE_AUDIT_V1.md,4945,74f5f6de465abbcc80a0a2f62c148c9c52e3917433b7ecc706c343450f7cd726,EXPERIMENTAL_OVERLAY
results/EMPIRICAL_SIGNAL_ACCEPTANCE_V350.md,1253,8dd98941df3287970c8723fb0c4e57bad5f9be174427f96f720e3d64ca7be952,EXPERIMENTAL_OVERLAY
results/FINAL_INTEGRATED_RUN_V350.md,1091,5b8e7048fee710e8334cf0f24a88f8f8de7747d0f63418af33c8e53f05418a56,EXPERIMENTAL_OVERLAY
results/FIX1_SELECTOR_ACCEPTANCE_V350.md,790,9517c38025d6cccb2fbfcea2270bf41cbc7393bf8fb1f3e2acd0c3fa3d97eb6d,EXPERIMENTAL_OVERLAY
results/FIX3_SELF_DEVELOPMENT_ACCEPTANCE_V350.md,507,8cf5cddae146a37396ba762e762224ec9762ccb9ae8c58f18e6d19df57fb9fa9,EXPERIMENTAL_OVERLAY
results/claim_diverse_cost_parity_v2/COST_PARITY_FINAL_ANALYSIS.json,2825,b3639ae801df4d55c4a5efc4bf6f81fd60d8238ea0756a1fe154b080337d84d2,EXPERIMENTAL_OVERLAY
results/claim_diverse_cost_parity_v2/COST_PARITY_REQUALIFICATION_REPORT.md,3844,ede6be2ced1017ac2552b31bb689617ca5bb892f9ab5d1710c02c237b58267d4,EXPERIMENTAL_OVERLAY
results/claim_diverse_cost_parity_v2/COST_PROVENANCE_COMPONENT_ARM_AUDIT_V2.json,766,70b199c4ae1b59746a3e1abcf19a209f6be4e5528c69fa6b22144ef04692a5bc,EXPERIMENTAL_OVERLAY
results/claim_diverse_cost_parity_v2/COST_PROVENANCE_COMPONENT_ARM_AUDIT_V2.md,2783,76b0f347ca5094d2e6fdbc2f9124048f4d0589cc9d1970d1e7ea0e683e1cb547,EXPERIMENTAL_OVERLAY
results/claim_diverse_cost_parity_v2/G7_ARM_STRATIFIED_RECONCILIATION_AUDIT_V1.md,2555,b28253dde54ebe809b247cee9cd5470b91c60400f90fd5ea6b3a10052c1eee76,EXPERIMENTAL_OVERLAY
results/claim_diverse_cost_parity_v2/G7_ARM_STRATIFIED_V2_FINAL.zip,187705,d8b924859fd3daa328476d883a81903870b64d49607d9eec9e906a7fd8371880,EXPERIMENTAL_OVERLAY
results/claim_diverse_cost_parity_v2/RUN_G7.csv,22878,03a3324503121d94ce81597ebc92a38dad9fb3e90f10f6f5f0826ef0c5c5fed7,EXPERIMENTAL_OVERLAY
results/claim_diverse_cost_parity_v2/g7_arm_stratified_v1/G7_ARM_STRATIFIED_EXECUTION_STATUS.md,1911,1484d1ea511e31ffc7217b026d5a02e7e72bff15c5d06273c72f454f0bd716e1,EXPERIMENTAL_OVERLAY
results/claim_diverse_cost_parity_v2/g7_arm_stratified_v2/G7_ARM_STRATIFIED_ANALYSIS_V2.json,4713,3cd6746d0a9ff2defdd1fe982e40581fc55dbf0385d7b18830841c5f881984c8,EXPERIMENTAL_OVERLAY
results/claim_diverse_cost_parity_v2/g7_arm_stratified_v2/G7_ARM_STRATIFIED_FINAL_STATUS.md,2268,fc806a90a09aa8b40f00f8bdc4310471e965e636d01494b01faca1faef33b084,EXPERIMENTAL_OVERLAY
results/claim_diverse_cost_parity_v2/g7_arm_stratified_v2/G7_ARM_STRATIFIED_RUNS_V2.csv,53963,e1d1034dc3e8576ffd46149ee42edd058dab806941cdc1d72ef58e2e7af04b6f,EXPERIMENTAL_OVERLAY
results/claim_diverse_v1_execution/CLAIM_DIVERSE_RESULT_REVIEW_V2.md,6168,05da6403c02a157881ca56c84462fc1a6493fb12ae0cbb211cdb080302df543f,EXPERIMENTAL_OVERLAY
results/claim_diverse_v1_execution/FINAL_TASK_LEVEL_RESULTS.csv,1138,599d76fe7149865e94ab353b40a5767bb82c65aec86b902d2efab2f2b4700d8e,EXPERIMENTAL_OVERLAY
results/empirical_routing_v350/EMPIRICAL_ROUTING_OOF_V350.csv,78932,1dc91566ba186dd12ec02a63ba9454550bda5a374f4010d058f10c07366a742d,EXPERIMENTAL_OVERLAY
results/empirical_routing_v350/EMPIRICAL_ROUTING_OOF_V350.json,863,ff43166b83448be96c2be92c82d5f2d9b3b2d056eb58b76925e4eedeee27ef35,EXPERIMENTAL_OVERLAY
results/final_10x8_v350/FINAL_10X8_SUMMARY.csv,1107,676450fc3f6aea908e6db5b99a72ca5046f7ed80809fcb9dd8434cdb478b96b4,EXPERIMENTAL_OVERLAY
results/final_10x8_v350/FINAL_10X8_SUMMARY.json,3961,d77434f65d813cc7d25125b1b2207fc44213de439dc7998125d15f6572c7e753,EXPERIMENTAL_OVERLAY
results/selector_lambda_full_v350/LAMBDA_FULL_COMPARISON.csv,1644,38f21810ffeb54b40d65b00cdf6a33cfc7c8016a0b2efcbfcc29e0ba9d69520e,EXPERIMENTAL_OVERLAY
results/selector_lambda_full_v350/LAMBDA_FULL_RAW.json,20483,ca89774d375a39943282574cddb9ba716541524683e02938cc3815d1b2fa7382,EXPERIMENTAL_OVERLAY
results/selector_lambda_full_v350/LAMBDA_FULL_SUMMARY.json,27998,e6fa0550d1869c591b3f517002ad091293ce7b9dfc619e12f6211b6d2dbc64d9,EXPERIMENTAL_OVERLAY
results/selector_lambda_v350/SELECTOR_LAMBDA_SUMMARY_V350_BATCH_101_113.json,503,7a4c99ca8f279b233e42e9096c323769c390a41d91ea570fc8254bee65740db1,EXPERIMENTAL_OVERLAY
results/selector_lambda_v350/SELECTOR_LAMBDA_SUMMARY_V350_BATCH_42_77.json,499,14f3ab505cc3526c555b887bcd4baac34ccd8a8f1d2d86a57ab22eb6770a5bbd,EXPERIMENTAL_OVERLAY
results/selector_lambda_v350/SELECTOR_LAMBDA_V350_BATCH_101_113.csv,1314,6f778bc01b1f5309fd60e45e5a52099ae74e99a48fe9111a721cc0c8af6ad3b5,EXPERIMENTAL_OVERLAY
results/selector_lambda_v350/SELECTOR_LAMBDA_V350_BATCH_42_77.csv,1312,48d9a2059b133776352eb5d5b01c594326a30fb2a26eba5442e4800a5a61f32e,EXPERIMENTAL_OVERLAY
results/selector_unit_lambda_v350/SELECTOR_UNIT_LAMBDA_V350.csv,1647,7d0708ecc824b3b5e30ce1db9918506c95d242a332ce09b8eaf7a5d3b64e36e1,EXPERIMENTAL_OVERLAY
resume_lambda_full_v350.py,4042,ac9553cf5a351c87427bdd4777b2290d8c068aca750b75843358c73fc383d913,ROOT_METADATA
run_final_10x8_v350.py,2893,a3c5f3587bb1e014820c12986c1bfe90386cab33710da0b55789b0277208836e,ROOT_METADATA
run_lambda_full_v350.py,4049,3c7a4ba626d9fa2b9ce56fffd7a1ca47fa1e78da35249e0c47f63ee4da3a5af8,ROOT_METADATA
worm_farm/REPORT.md,874,d1d65a3b5b6215d27af573757657330ebef764e4555f926c8527c82323a8686f,MAINLINE
worm_farm/__init__.py,2030,6b9bb96a5ad6f4e051eeb982ed6c451ffb9fb23026a257a088430523f6e91a14,MAINLINE
worm_farm/arena.py,14525,d59a376f5f3d616496d230f32744750a7ece1f48d35a89b2135892d1662073eb,MAINLINE
worm_farm/assets/REAL_MODEL_REPORT.json,331,612b8ad7687b00c5c936f1178a4732d8716c62eacb53e48641356c6566ee956f,MAINLINE
worm_farm/assets/WormLM-Micro-online.pt,10928831,4f8b580b070850f856eec16094b2fdbc22b76f81513766a7e1478994b58ed7c3,MAINLINE
worm_farm/assets/WormLM-Micro-vocab.json,919,8918b7f980e929c8516925b57af0640849dceb381b50bd266e2ac45490f48b38,MAINLINE
worm_farm/assets/wormdual_192x4.pt,6000787,6a9bc865485dbe18c47736f847de783dd5d5a9a1ed4c7d500713ddd9d25e50c5,MAINLINE
worm_farm/assets/wormdual_sp.model,247570,fd31a04127c2b26d1f23a88ac6ac77600cec911af1012703ce8aebfdd1a7bc22,MAINLINE
worm_farm/assets/wormdual_sp.vocab,4446,73cebd2dccca4e840f53f8a1821bbc566238f31d44c6ad5ae0c90e61429cc971,MAINLINE
worm_farm/benchmark_cli.py,1129,fb7c8f770e02ec8f0a3807abe389a5d09136c29efead090411d5bf23f1b01aac,MAINLINE
worm_farm/benchmark_runner.py,6689,0680927d45e31400785b4711d6e218b5bd200e1ab5c364fc50fb6710cde785b3,MAINLINE
worm_farm/brain.py,15348,4e9a4f689c50e47e6cdf0b0e50f142229c90cfb477f0f1455125e515d94fc975,MAINLINE
worm_farm/brain_factory.py,4737,cb47e88099ccc938c2cebd0cee92d81d9def8e8ff52645892ea92eaacaae2451,MAINLINE
worm_farm/cli.py,2281,d4c4a7644fbbdac62b26506f8d59a7e3fb5d25788b2ca2f58f0e31dcc8ccc108,MAINLINE
worm_farm/colony_os.py,11870,8ecb0f27ec8841884f5a85ed8b50721e7bff9df3619666a841beb57d79ee6ae7,MAINLINE
worm_farm/colony_research.py,3435,6598bcb47168b1e511320b604ecc2c758510daaeab80c73b41393bf426f50505,MAINLINE
worm_farm/demo.py,1312,2b4c6a1215b2f2e2a5949256fa0ffc5ffa81ac4bdb27d71f07a497dd67169c2d,MAINLINE
worm_farm/diffusion_audit.py,5937,effbffe03d610b8c2bf2ad3978257dcfa9cc40b6329183e68cd42a36f95a2e8d,MAINLINE
worm_farm/dual_brain.py,8810,df4328a260ed7499af333d154197f0967544a0f4b2ae482175cc0554e14762a4,MAINLINE
worm_farm/dual_lm.py,3943,ef8d77189d8521cac135368fae88865f14f671b6ef78a3d6270df9dfbc3d9c15,MAINLINE
worm_farm/experiment_lab.py,8399,94448efcc31b2a63f87d5dbcf078611bd18ba4f1c5fd1942ea5f8ef4b66d9fe2,MAINLINE
worm_farm/farm.py,119754,b0b101ead7c7428365a5a9f3dd63746f5026dba3b465cda69c1c93924575765a,MAINLINE
worm_farm/genetics.py,12831,627b3bb17b084d23d04768a1cfb067016cdb074e746d4961404ac6605393ae01,MAINLINE
worm_farm/harsh_env.py,4213,b9ee375bec61b1191d196da90e6035f2d0e2cd85a5d7e58057e1781a3038fafd,MAINLINE
worm_farm/invariants.py,2199,91f0207e589760a9af6c5f20e60a821f63735c2864e18c33b3bc9e9fd5f09a75,MAINLINE
worm_farm/learning.py,4125,364998fd95da7ee65323174eb41e8b752b3f7b27ec9031d60da00a033e17e8e9,MAINLINE
worm_farm/lm_surprisal_layer.py,1368,85000ab11a60854c9400ceef038258ebda5b41b095c0ebd4c6ee7a17dd9d3531,MAINLINE
worm_farm/mode_router.py,28924,af96c8469ae6e243885b0e4f6dedac6d23f35f978500a9a3a1c80f70c5eb25e6,MAINLINE
worm_farm/model_diff.py,803,4ca76544448062445e856a9cae51bf4b8b1a265d59725480c5a6a4762c92ab78,MAINLINE
worm_farm/models.py,18254,26332347ef9474eff36143414a0598165b4eec9e32b3cc62a02accbe26800c74,MAINLINE
worm_farm/neural_brain.py,15549,73e3614e316803f0d591823d49fd7aae418763590e3ce08fd4a644693d02be9a,MAINLINE
worm_farm/operators.py,7177,5397951ab18d24f94b668348218ceb8acb411e914bb18db83413b62f9a1a7a04,MAINLINE
worm_farm/research_ecology.py,10222,7a00f16f7dcd6dbcf037f93cfa881cf08a5b4c7d400a33663f18670a5ade2ace,MAINLINE
worm_farm/runtime.py,8368,f5890a11c9ad0e4f67075dc0f3994284f9af3850782074d9b5317a83ed1c5592,MAINLINE
worm_farm/safety.py,771,841472fda2466b94eb235fba4ac81f41ce601377d7fb51bcc909d9f9faea4508,MAINLINE
worm_farm/self_development.py,16002,b4e395dad3584559b04c06d47ac782f224267879c1bc009454ff353e06a9af1e,MAINLINE
worm_farm/shase.py,10282,62f3cab12642d0fef07bbf45db47957e9dbb86160cff340add239237df5e76e8,MAINLINE
worm_farm/strategy.py,6585,9929601fc7c0c9f6c771ac698bd6aa2baf19e4345702b11b74c6810e9f06ad98,MAINLINE
worm_farm/stress_benchmark.py,682,09f941b6c1f24c7e54a671b9b023b585d7c7d95b2cbb1e4e06d4762833b4f4e2,MAINLINE
worm_farm/strict_stress.py,3699,6e5de2861837e6a075b29ad076d2373316541fd87f6d7fa347d0c7e37e6fcbfd,MAINLINE
worm_farm/tests/test_arena_learning.py,2134,e8e0dac2a8f9ed1a84451f714f2a7c7a77eea5b1a48e20b7c2f94414278b9ff3,MAINLINE
worm_farm/tests/test_benchmark_runner.py,1067,6cd2c19101d0a0b176ebbeaf01f2ba7a398d673618ed3c61be584a82c4af432e,MAINLINE
worm_farm/tests/test_brain.py,4447,4b5b536777ad012b70820e6340d908bc7060f53189a54068235516c8ad5bad28,MAINLINE
worm_farm/tests/test_brain_farm_integration.py,3095,e01f1e6a58cfbafa48e20b45ddbe4cccf178d15353494a9e133d51a4c671511c,MAINLINE
worm_farm/tests/test_colony_os.py,2572,b9ba96e6a14368289f2ce9c95850b8c6b531c0468eaf96a233779947827cc4fb,MAINLINE
worm_farm/tests/test_farm.py,813,db2ad764d03c4573a8f3ecde7c3bf307e07f5c0b85b554afbe4f0abba4ad8eae,MAINLINE
worm_farm/tests/test_genetics.py,1562,b2b08ec2ae144d0bb7f58267c1a43ddf9a421671c0a3445aa6a3121d58c1baaf,MAINLINE
worm_farm/tests/test_harsh.py,796,e87a60aae91444a9515d3a2b9fac458093b5a2c0d2349be1f05e88162c41cb0d,MAINLINE
worm_farm/tests/test_neural_brain.py,2428,fb81df873a0d24d69526e79cb61dc30848eae4de034de0dbfb5fd5787e69074b,MAINLINE
worm_farm/tests/test_research_ecology.py,3517,761d85a637d1c0273881b8df650f328607413b1cc156971852cd57d8c30c5138,MAINLINE
worm_farm/tests/test_resilience.py,803,1dd6adaa458c199c1a7046eaa86764ab5e691555b55b514184c22cbeb4ee5e4f,MAINLINE
worm_farm/tests/test_runtime.py,3286,57e729a01a269b571518903e2c62f3f1d3c9c44c093131d2c40fd2fd999afa0d,MAINLINE
worm_farm/tests/test_self_development.py,5132,4be3faba60b6392029ec55d611cc8fd793e43080e022a6895f771c8b79c0b1d6,MAINLINE
worm_farm/tests/test_shase.py,4308,bb668796b30c6d81127325ff59b6fe3d52f5159c7bcbf4166bac7c436e120d66,MAINLINE
worm_farm/tests/test_strict_generation.py,4889,8db387329c87dce39f83441e7e4adb888eda783be431da8d04f971c5b44d5808,MAINLINE
worm_farm/tests/test_system.py,2254,fc9949aed4257fb218d9a04307edbfe739ad5c1515043413828aa499f50730c7,MAINLINE
worm_farm/tests/test_v2_engine.py,2351,389b2a448bac841de4d0d2573a2b90877e9110d6ef490f2bccf5d8ce1e0643cc,MAINLINE
worm_farm/tests/test_v350_patches.py,2611,7423116fa6bc36b5c1a4c5dd09e6a531aa9bf84320277daa89c83282d4e93ca2,MAINLINE
worm_farm/v2_engine.py,8732,6f209aeaf9725f2ac8e74fbf0f72493d238df893e87db68c0442387dadb81f75,MAINLINE
worm_farm/worm_information_bus.py,3982,264c320732d862734063681fc20e6d9335fe81389905b8f18f574c139a850a68,MAINLINE
worm_farm/wormlm_micro/__init__.py,76,49f42be8f034bad2e516ee1a8ed119c00b79a59c3641c8f5e6a7b3923725019b,MAINLINE
worm_farm/wormlm_micro/model.py,4249,f3f34178a14e4c82a694bfe7812d6c8c05eadf4a7edce1fe15b22750bc6c7c3f,MAINLINE
worm_farm/wormlm_micro/surprisal.py,2031,a994a0efb089e52f7c338597dbad4732e8c74c2efa4b8dbd31953e6dc1f9c10a,MAINLINE
worm_farm/wormlm_micro/tokenizer.py,1261,1b97643227a9b4f6696e9a14d238270aa738c514acf178390e901668cbddc1c0,MAINLINE
